location_name,datetimeLocal,unit,no2,o3,pm10,pm25
Sheffield Devonshire Green - UKA00575,2024-01-21T00:02:00Z,µg/m³,9,59,4,2
Sheffield Devonshire Green - UKA00575,2024-01-21T00:03:00Z,µg/m³,9,61,4,3
Sheffield Devonshire Green - UKA00575,2024-01-21T00:04:00Z,µg/m³,4,63,4,3
Sheffield Devonshire Green - UKA00575,2024-01-21T00:05:00Z,µg/m³,4,64,4,3
Sheffield Devonshire Green - UKA00575,2024-01-21T00:06:00Z,µg/m³,3,64,4,3
Sheffield Devonshire Green - UKA00575,2024-01-21T00:07:00Z,µg/m³,3,64,4,3
Sheffield Devonshire Green - UKA00575,2024-01-21T00:08:00Z,µg/m³,3,64,5,3
Sheffield Devonshire Green - UKA00575,2024-01-21T00:09:00Z,µg/m³,3,65,5,3
Sheffield Devonshire Green - UKA00575,2024-01-21T00:10:00Z,µg/m³,4,65,5,3
Sheffield Devonshire Green - UKA00575,2024-01-21T00:11:00Z,µg/m³,4,65,5,3
Sheffield Devonshire Green - UKA00575,2024-01-21T00:12:00Z,µg/m³,5,65,5,3
Sheffield Devonshire Green - UKA00575,2024-01-21T00:13:00Z,µg/m³,4,65,5,3
Sheffield Devonshire Green - UKA00575,2024-01-21T00:14:00Z,µg/m³,7,64,5,3
Sheffield Devonshire Green - UKA00575,2024-01-21T00:15:00Z,µg/m³,12,63,6,3
Sheffield Devonshire Green - UKA00575,2024-01-21T00:16:00Z,µg/m³,17,60,6,3
Sheffield Devonshire Green - UKA00575,2024-01-21T00:17:00Z,µg/m³,24,56,7,4
Sheffield Devonshire Green - UKA00575,2024-01-21T00:18:00Z,µg/m³,24,52,7,4
Sheffield Devonshire Green - UKA00575,2024-01-21T00:19:00Z,µg/m³,18,49,7,4
Sheffield Devonshire Green - UKA00575,2024-01-21T00:20:00Z,µg/m³,11,48,7,4
Sheffield Devonshire Green - UKA00575,2024-01-21T00:21:00Z,µg/m³,10,46,7,4
Sheffield Devonshire Green - UKA00575,2024-01-21T00:22:00Z,µg/m³,11,44,7,4
Sheffield Devonshire Green - UKA00575,2024-01-21T00:23:00Z,µg/m³,11,43,7,4
Sheffield Devonshire Green - UKA00575,2024-02-21T00:00:00Z,µg/m³,18,42,7,4
Sheffield Devonshire Green - UKA00575,2024-02-21T00:02:00Z,µg/m³,2,49,7,4
Sheffield Devonshire Green - UKA00575,2024-02-21T00:03:00Z,µg/m³,2,50,7,4
Sheffield Devonshire Green - UKA00575,2024-02-21T00:04:00Z,µg/m³,2,56,7,4
Sheffield Devonshire Green - UKA00575,2024-02-21T00:05:00Z,µg/m³,2,56,7,4
Sheffield Devonshire Green - UKA00575,2024-02-21T00:06:00Z,µg/m³,4,61,7,4
Sheffield Devonshire Green - UKA00575,2024-02-21T00:07:00Z,µg/m³,17,62,7,4
Sheffield Devonshire Green - UKA00575,2024-02-21T00:08:00Z,µg/m³,24,63,8,4
Sheffield Devonshire Green - UKA00575,2024-02-21T00:09:00Z,µg/m³,13,65,8,4
Sheffield Devonshire Green - UKA00575,2024-02-21T00:10:00Z,µg/m³,18,62,8,5
Sheffield Devonshire Green - UKA00575,2024-02-21T00:11:00Z,µg/m³,41,56,8,5
Sheffield Devonshire Green - UKA00575,2024-02-21T00:12:00Z,µg/m³,47,49,8,5
Sheffield Devonshire Green - UKA00575,2024-02-21T00:13:00Z,µg/m³,43,43,8,5
Sheffield Devonshire Green - UKA00575,2024-02-21T00:14:00Z,µg/m³,47,38,8,5
Sheffield Devonshire Green - UKA00575,2024-02-21T00:15:00Z,µg/m³,35,36,8,5
Sheffield Devonshire Green - UKA00575,2024-02-21T00:16:00Z,µg/m³,28,37,7,5
Sheffield Devonshire Green - UKA00575,2024-02-21T00:17:00Z,µg/m³,20,37,7,4
Sheffield Devonshire Green - UKA00575,2024-02-21T00:18:00Z,µg/m³,15,39,6,4
Sheffield Devonshire Green - UKA00575,2024-02-21T00:20:00Z,µg/m³,32,48,6,4
Sheffield Devonshire Green - UKA00575,2024-02-21T00:22:00Z,µg/m³,23,53,6,4
Sheffield Devonshire Green - UKA00575,2024-02-21T00:23:00Z,µg/m³,23,54,6,4
Sheffield Devonshire Green - UKA00575,2024-03-21T00:00:00Z,µg/m³,5,56,6,4
Sheffield Devonshire Green - UKA00575,2024-03-21T00:02:00Z,µg/m³,4,57,6,4
Sheffield Devonshire Green - UKA00575,2024-03-21T00:03:00Z,µg/m³,4,55,NA,NA
Sheffield Devonshire Green - UKA00575,2024-03-21T00:04:00Z,µg/m³,7,58,6,4
Sheffield Devonshire Green - UKA00575,2024-03-21T00:05:00Z,µg/m³,7,59,6,4
Sheffield Devonshire Green - UKA00575,2024-03-21T00:06:00Z,µg/m³,19,56,6,4
Sheffield Devonshire Green - UKA00575,2024-03-21T00:07:00Z,µg/m³,19,54,6,4
Sheffield Devonshire Green - UKA00575,2024-03-21T00:08:00Z,µg/m³,23,50,6,4
Sheffield Devonshire Green - UKA00575,2024-03-21T00:09:00Z,µg/m³,30,45,6,4
Sheffield Devonshire Green - UKA00575,2024-03-21T00:10:00Z,µg/m³,33,40,5,4
Sheffield Devonshire Green - UKA00575,2024-03-21T00:11:00Z,µg/m³,35,35,5,4
Sheffield Devonshire Green - UKA00575,2024-03-21T00:12:00Z,µg/m³,33,31,5,3
Sheffield Devonshire Green - UKA00575,2024-03-21T00:13:00Z,µg/m³,29,29,5,3
Sheffield Devonshire Green - UKA00575,2024-03-21T00:14:00Z,µg/m³,25,29,5,3
Sheffield Devonshire Green - UKA00575,2024-03-21T00:15:00Z,µg/m³,25,28,5,3
Sheffield Devonshire Green - UKA00575,2024-03-21T00:16:00Z,µg/m³,25,28,5,3
Sheffield Devonshire Green - UKA00575,2024-03-21T00:17:00Z,µg/m³,25,28,5,3
Sheffield Devonshire Green - UKA00575,2024-03-21T00:18:00Z,µg/m³,24,32,5,3
Sheffield Devonshire Green - UKA00575,2024-03-21T00:19:00Z,µg/m³,19,35,5,3
Sheffield Devonshire Green - UKA00575,2024-03-21T00:20:00Z,µg/m³,14,38,5,3
Sheffield Devonshire Green - UKA00575,2024-03-21T00:22:00Z,µg/m³,13,42,5,3
Sheffield Devonshire Green - UKA00575,2024-03-21T00:23:00Z,µg/m³,13,43,5,3
Sheffield Devonshire Green - UKA00575,2024-04-21T00:00:00Z,µg/m³,21,43,5,3
Sheffield Devonshire Green - UKA00575,2024-04-21T00:02:00Z,µg/m³,8,44,5,3
Sheffield Devonshire Green - UKA00575,2024-04-21T00:03:00Z,µg/m³,8,43,5,3
Sheffield Devonshire Green - UKA00575,2024-04-21T00:04:00Z,µg/m³,9,42,5,3
Sheffield Devonshire Green - UKA00575,2024-04-21T00:05:00Z,µg/m³,9,42,5,3
Sheffield Devonshire Green - UKA00575,2024-04-21T00:06:00Z,µg/m³,11,41,5,3
Sheffield Devonshire Green - UKA00575,2024-04-21T00:07:00Z,µg/m³,6,42,4,3
Sheffield Devonshire Green - UKA00575,2024-04-21T00:08:00Z,µg/m³,13,43,4,3
Sheffield Devonshire Green - UKA00575,2024-04-21T00:09:00Z,µg/m³,10,46,4,3
Sheffield Devonshire Green - UKA00575,2024-04-21T00:10:00Z,µg/m³,12,46,4,3
Sheffield Devonshire Green - UKA00575,2024-04-21T00:11:00Z,µg/m³,16,46,4,3
Sheffield Devonshire Green - UKA00575,2024-04-21T00:12:00Z,µg/m³,20,46,4,3
Sheffield Devonshire Green - UKA00575,2024-04-21T00:13:00Z,µg/m³,16,47,5,3
Sheffield Devonshire Green - UKA00575,2024-04-21T00:14:00Z,µg/m³,17,47,6,3
Sheffield Devonshire Green - UKA00575,2024-04-21T00:15:00Z,µg/m³,20,45,7,3
Sheffield Devonshire Green - UKA00575,2024-04-21T00:16:00Z,µg/m³,31,42,7,4
Sheffield Devonshire Green - UKA00575,2024-04-21T00:17:00Z,µg/m³,43,37,8,4
Sheffield Devonshire Green - UKA00575,2024-04-21T00:18:00Z,µg/m³,45,31,9,4
Sheffield Devonshire Green - UKA00575,2024-04-21T00:19:00Z,µg/m³,42,26,9,5
Sheffield Devonshire Green - UKA00575,2024-04-21T00:20:00Z,µg/m³,42,21,11,6
Sheffield Devonshire Green - UKA00575,2024-04-21T00:21:00Z,µg/m³,40,15,12,7
Sheffield Devonshire Green - UKA00575,2024-04-21T00:22:00Z,µg/m³,38,10,14,8
Sheffield Devonshire Green - UKA00575,2024-04-21T00:23:00Z,µg/m³,38,5,14,9
Sheffield Devonshire Green - UKA00575,2024-05-21T00:00:00Z,µg/m³,34,3,16,10
Sheffield Devonshire Green - UKA00575,2024-05-21T00:02:00Z,µg/m³,14,7,17,11
Sheffield Devonshire Green - UKA00575,2024-05-21T00:03:00Z,µg/m³,14,7,18,11
Sheffield Devonshire Green - UKA00575,2024-05-21T00:04:00Z,µg/m³,8,18,18,11
Sheffield Devonshire Green - UKA00575,2024-05-21T00:05:00Z,µg/m³,8,21,18,12
Sheffield Devonshire Green - UKA00575,2024-05-21T00:06:00Z,µg/m³,6,31,18,11
Sheffield Devonshire Green - UKA00575,2024-05-21T00:07:00Z,µg/m³,8,38,18,11
Sheffield Devonshire Green - UKA00575,2024-05-21T00:08:00Z,µg/m³,11,43,18,11
Sheffield Devonshire Green - UKA00575,2024-05-21T00:09:00Z,µg/m³,12,43,18,12
Sheffield Devonshire Green - UKA00575,2024-05-21T00:10:00Z,µg/m³,15,44,18,12
Sheffield Devonshire Green - UKA00575,2024-05-21T00:11:00Z,µg/m³,18,44,18,12
Sheffield Devonshire Green - UKA00575,2024-05-21T00:12:00Z,µg/m³,14,44,18,12
Sheffield Devonshire Green - UKA00575,2024-05-21T00:13:00Z,µg/m³,15,43,17,11
Sheffield Devonshire Green - UKA00575,2024-05-21T00:14:00Z,µg/m³,20,42,16,11
Sheffield Devonshire Green - UKA00575,2024-05-21T00:15:00Z,µg/m³,24,40,16,11
Sheffield Devonshire Green - UKA00575,2024-05-21T00:16:00Z,µg/m³,36,36,15,11
Sheffield Devonshire Green - UKA00575,2024-05-21T00:17:00Z,µg/m³,35,33,15,11
Sheffield Devonshire Green - UKA00575,2024-05-21T00:18:00Z,µg/m³,39,29,15,11
Sheffield Devonshire Green - UKA00575,2024-05-21T00:19:00Z,µg/m³,41,25,14,11
Sheffield Devonshire Green - UKA00575,2024-05-21T00:20:00Z,µg/m³,29,22,14,10
Sheffield Devonshire Green - UKA00575,2024-05-21T00:21:00Z,µg/m³,24,19,13,10
Sheffield Devonshire Green - UKA00575,2024-05-21T00:22:00Z,µg/m³,24,17,12,9
Sheffield Devonshire Green - UKA00575,2024-06-21T00:00:00Z,µg/m³,16,15,10,8
Sheffield Devonshire Green - UKA00575,2024-06-21T00:02:00Z,µg/m³,10,20,9,7
Sheffield Devonshire Green - UKA00575,2024-06-21T00:03:00Z,µg/m³,10,21,9,7
Sheffield Devonshire Green - UKA00575,2024-06-21T00:04:00Z,µg/m³,8,24,9,7
Sheffield Devonshire Green - UKA00575,2024-06-21T00:05:00Z,µg/m³,8,25,9,7
Sheffield Devonshire Green - UKA00575,2024-06-21T00:06:00Z,µg/m³,7,30,9,7
Sheffield Devonshire Green - UKA00575,2024-06-21T00:07:00Z,µg/m³,9,32,9,7
Sheffield Devonshire Green - UKA00575,2024-06-21T00:08:00Z,µg/m³,11,33,9,7
Sheffield Devonshire Green - UKA00575,2024-06-21T00:09:00Z,µg/m³,14,33,9,7
Sheffield Devonshire Green - UKA00575,2024-06-21T00:10:00Z,µg/m³,19,33,9,7
Sheffield Devonshire Green - UKA00575,2024-06-21T00:11:00Z,µg/m³,13,34,9,7
Sheffield Devonshire Green - UKA00575,2024-06-21T00:12:00Z,µg/m³,11,35,9,7
Sheffield Devonshire Green - UKA00575,2024-06-21T00:13:00Z,µg/m³,9,36,9,7
Sheffield Devonshire Green - UKA00575,2024-06-21T00:14:00Z,µg/m³,11,37,9,6
Sheffield Devonshire Green - UKA00575,2024-06-21T00:15:00Z,µg/m³,17,39,9,7
Sheffield Devonshire Green - UKA00575,2024-06-21T00:16:00Z,µg/m³,24,38,9,7
Sheffield Devonshire Green - UKA00575,2024-06-21T00:17:00Z,µg/m³,22,38,9,7
Sheffield Devonshire Green - UKA00575,2024-06-21T00:18:00Z,µg/m³,32,37,9,7
Sheffield Devonshire Green - UKA00575,2024-06-21T00:19:00Z,µg/m³,27,34,9,7
Sheffield Devonshire Green - UKA00575,2024-06-21T00:20:00Z,µg/m³,24,31,9,7
Sheffield Devonshire Green - UKA00575,2024-07-21T00:00:00Z,µg/m³,17,23,9,6
Sheffield Devonshire Green - UKA00575,2024-07-21T00:03:00Z,µg/m³,10,29,9,6
Sheffield Devonshire Green - UKA00575,2024-07-21T00:04:00Z,µg/m³,9,34,9,7
Sheffield Devonshire Green - UKA00575,2024-07-21T00:05:00Z,µg/m³,9,35,10,7
Sheffield Devonshire Green - UKA00575,2024-07-21T00:06:00Z,µg/m³,5,40,10,7
Sheffield Devonshire Green - UKA00575,2024-07-21T00:07:00Z,µg/m³,7,44,10,7
Sheffield Devonshire Green - UKA00575,2024-07-21T00:08:00Z,µg/m³,8,47,10,7
Sheffield Devonshire Green - UKA00575,2024-07-21T00:09:00Z,µg/m³,9,49,10,7
Sheffield Devonshire Green - UKA00575,2024-07-21T00:10:00Z,µg/m³,13,49,10,7
Sheffield Devonshire Green - UKA00575,2024-07-21T00:11:00Z,µg/m³,11,49,10,7
Sheffield Devonshire Green - UKA00575,2024-07-21T00:12:00Z,µg/m³,8,50,11,7
Sheffield Devonshire Green - UKA00575,2024-07-21T00:13:00Z,µg/m³,10,51,11,7
Sheffield Devonshire Green - UKA00575,2024-07-21T00:14:00Z,µg/m³,10,51,11,7
Sheffield Devonshire Green - UKA00575,2024-07-21T00:15:00Z,µg/m³,9,51,10,7
Sheffield Devonshire Green - UKA00575,2024-07-21T00:16:00Z,µg/m³,12,51,10,7
Sheffield Devonshire Green - UKA00575,2024-07-21T00:17:00Z,µg/m³,16,51,10,7
Sheffield Devonshire Green - UKA00575,2024-07-21T00:18:00Z,µg/m³,16,50,10,7
Sheffield Devonshire Green - UKA00575,2024-07-21T00:19:00Z,µg/m³,22,48,10,7
Sheffield Devonshire Green - UKA00575,2024-07-21T00:21:00Z,µg/m³,10,47,10,7
Sheffield Devonshire Green - UKA00575,2024-07-21T00:22:00Z,µg/m³,11,47,10,6
Sheffield Devonshire Green - UKA00575,2024-07-21T00:23:00Z,µg/m³,11,46,9,6
Sheffield Devonshire Green - UKA00575,2024-08-21T00:00:00Z,µg/m³,11,48,9,6
Sheffield Devonshire Green - UKA00575,2024-08-21T00:02:00Z,µg/m³,13,49,10,6
Sheffield Devonshire Green - UKA00575,2024-08-21T00:03:00Z,µg/m³,13,51,10,6
Sheffield Devonshire Green - UKA00575,2024-08-21T00:04:00Z,µg/m³,9,52,10,6
Sheffield Devonshire Green - UKA00575,2024-08-21T00:05:00Z,µg/m³,9,51,10,6
Sheffield Devonshire Green - UKA00575,2024-08-21T00:06:00Z,µg/m³,9,49,10,6
Sheffield Devonshire Green - UKA00575,2024-08-21T00:07:00Z,µg/m³,12,47,10,6
Sheffield Devonshire Green - UKA00575,2024-08-21T00:08:00Z,µg/m³,21,45,10,6
Sheffield Devonshire Green - UKA00575,2024-08-21T00:09:00Z,µg/m³,28,42,10,7
Sheffield Devonshire Green - UKA00575,2024-08-21T00:10:00Z,µg/m³,27,41,10,6
Sheffield Devonshire Green - UKA00575,2024-08-21T00:11:00Z,µg/m³,25,39,10,7
Sheffield Devonshire Green - UKA00575,2024-08-21T00:12:00Z,µg/m³,26,38,11,7
Sheffield Devonshire Green - UKA00575,2024-08-21T00:13:00Z,µg/m³,20,38,11,7
Sheffield Devonshire Green - UKA00575,2024-08-21T00:14:00Z,µg/m³,18,38,12,7
Sheffield Devonshire Green - UKA00575,2024-08-21T00:15:00Z,µg/m³,20,39,12,7
Sheffield Devonshire Green - UKA00575,2024-08-21T00:16:00Z,µg/m³,22,41,12,7
Sheffield Devonshire Green - UKA00575,2024-08-21T00:17:00Z,µg/m³,18,44,13,7
Sheffield Devonshire Green - UKA00575,2024-08-21T00:18:00Z,µg/m³,19,46,13,7
Sheffield Devonshire Green - UKA00575,2024-08-21T00:19:00Z,µg/m³,21,48,13,7
Sheffield Devonshire Green - UKA00575,2024-08-21T00:21:00Z,µg/m³,19,50,13,7
Sheffield Devonshire Green - UKA00575,2024-09-21T00:02:00Z,µg/m³,11,55,14,7
Sheffield Devonshire Green - UKA00575,2024-09-21T00:03:00Z,µg/m³,11,56,14,7
Sheffield Devonshire Green - UKA00575,2024-09-21T00:04:00Z,µg/m³,14,57,14,7
Sheffield Devonshire Green - UKA00575,2024-09-21T00:05:00Z,µg/m³,14,58,14,7
Sheffield Devonshire Green - UKA00575,2024-09-21T00:06:00Z,µg/m³,19,56,14,7
Sheffield Devonshire Green - UKA00575,2024-09-21T00:07:00Z,µg/m³,23,55,14,7
Sheffield Devonshire Green - UKA00575,2024-09-21T00:08:00Z,µg/m³,20,53,14,7
Sheffield Devonshire Green - UKA00575,2024-09-21T00:09:00Z,µg/m³,26,50,15,7
Sheffield Devonshire Green - UKA00575,2024-09-21T00:10:00Z,µg/m³,30,47,15,7
Sheffield Devonshire Green - UKA00575,2024-09-21T00:11:00Z,µg/m³,24,44,15,7
Sheffield Devonshire Green - UKA00575,2024-09-21T00:12:00Z,µg/m³,22,43,15,7
Sheffield Devonshire Green - UKA00575,2024-09-21T00:13:00Z,µg/m³,16,43,16,7
Sheffield Devonshire Green - UKA00575,2024-09-21T00:15:00Z,µg/m³,21,43,16,7
Sheffield Devonshire Green - UKA00575,2024-09-21T00:16:00Z,µg/m³,21,44,16,7
Sheffield Devonshire Green - UKA00575,2024-09-21T00:17:00Z,µg/m³,27,45,16,7
Sheffield Devonshire Green - UKA00575,2024-09-21T00:18:00Z,µg/m³,22,46,16,7
Sheffield Devonshire Green - UKA00575,2024-09-21T00:19:00Z,µg/m³,14,48,16,7
Sheffield Devonshire Green - UKA00575,2024-09-21T00:20:00Z,µg/m³,11,50,16,7
Sheffield Devonshire Green - UKA00575,2024-10-21T00:00:00Z,µg/m³,5,57,15,7
Sheffield Devonshire Green - UKA00575,2024-10-21T00:03:00Z,µg/m³,11,64,14,6
Sheffield Devonshire Green - UKA00575,2024-10-21T00:04:00Z,µg/m³,5,62,13,6
Sheffield Devonshire Green - UKA00575,2024-10-21T00:05:00Z,µg/m³,5,62,14,6
Sheffield Devonshire Green - UKA00575,2024-10-21T00:06:00Z,µg/m³,5,60,13,6
Sheffield Devonshire Green - UKA00575,2024-10-21T00:07:00Z,µg/m³,12,57,12,6
Sheffield Devonshire Green - UKA00575,2024-10-21T00:08:00Z,µg/m³,18,53,12,6
Sheffield Devonshire Green - UKA00575,2024-10-21T00:09:00Z,µg/m³,20,48,12,6
Sheffield Devonshire Green - UKA00575,2024-10-21T00:10:00Z,µg/m³,21,45,11,6
Sheffield Devonshire Green - UKA00575,2024-10-21T00:11:00Z,µg/m³,20,42,11,5
Sheffield Devonshire Green - UKA00575,2024-10-21T00:12:00Z,µg/m³,23,40,10,5
Sheffield Devonshire Green - UKA00575,2024-10-21T00:13:00Z,µg/m³,23,39,10,5
Sheffield Devonshire Green - UKA00575,2024-10-21T00:14:00Z,µg/m³,20,37,10,5
Sheffield Devonshire Green - UKA00575,2024-10-21T00:15:00Z,µg/m³,20,38,9,5
Sheffield Devonshire Green - UKA00575,2024-10-21T00:16:00Z,µg/m³,20,40,9,5
Sheffield Devonshire Green - UKA00575,2024-10-21T00:17:00Z,µg/m³,21,41,8,5
Sheffield Devonshire Green - UKA00575,2024-10-21T00:18:00Z,µg/m³,20,43,8,5
Sheffield Devonshire Green - UKA00575,2024-10-21T00:19:00Z,µg/m³,19,45,8,5
Sheffield Devonshire Green - UKA00575,2024-11-21T00:02:00Z,µg/m³,8,57,7,5
Sheffield Devonshire Green - UKA00575,2024-11-21T00:03:00Z,µg/m³,8,58,7,5
Sheffield Devonshire Green - UKA00575,2024-11-21T00:04:00Z,µg/m³,6,59,7,5
Sheffield Devonshire Green - UKA00575,2024-11-21T00:05:00Z,µg/m³,6,59,7,5
Sheffield Devonshire Green - UKA00575,2024-11-21T00:06:00Z,µg/m³,8,58,7,5
Sheffield Devonshire Green - UKA00575,2024-11-21T00:07:00Z,µg/m³,13,57,7,5
Sheffield Devonshire Green - UKA00575,2024-11-21T00:08:00Z,µg/m³,28,55,7,5
Sheffield Devonshire Green - UKA00575,2024-11-21T00:09:00Z,µg/m³,36,51,7,5
Sheffield Devonshire Green - UKA00575,2024-11-21T00:10:00Z,µg/m³,29,48,7,5
Sheffield Devonshire Green - UKA00575,2024-11-21T00:11:00Z,µg/m³,24,45,7,5
Sheffield Devonshire Green - UKA00575,2024-11-21T00:12:00Z,µg/m³,20,43,7,5
Sheffield Devonshire Green - UKA00575,2024-11-21T00:13:00Z,µg/m³,20,42,7,5
Sheffield Devonshire Green - UKA00575,2024-11-21T00:14:00Z,µg/m³,19,41,7,5
Sheffield Devonshire Green - UKA00575,2024-11-21T00:15:00Z,µg/m³,21,41,7,5
Sheffield Devonshire Green - UKA00575,2024-11-21T00:16:00Z,µg/m³,19,42,8,5
Sheffield Devonshire Green - UKA00575,2024-11-21T00:17:00Z,µg/m³,20,45,8,5
Sheffield Devonshire Green - UKA00575,2024-11-21T00:18:00Z,µg/m³,22,46,8,5
Sheffield Devonshire Green - UKA00575,2024-11-21T00:19:00Z,µg/m³,15,47,9,5
Sheffield Devonshire Green - UKA00575,2024-12-21T00:02:00Z,µg/m³,6,54,9,5
Sheffield Devonshire Green - UKA00575,2024-12-21T00:03:00Z,µg/m³,6,55,9,5
Sheffield Devonshire Green - UKA00575,2024-12-21T00:04:00Z,µg/m³,4,57,9,5
Sheffield Devonshire Green - UKA00575,2024-12-21T00:06:00Z,µg/m³,8,58,NA,NA
Sheffield Devonshire Green - UKA00575,2024-12-21T00:07:00Z,µg/m³,11,57,NA,NA
Sheffield Devonshire Green - UKA00575,2024-12-21T00:08:00Z,µg/m³,20,56,NA,NA
Sheffield Devonshire Green - UKA00575,2024-12-21T00:09:00Z,µg/m³,20,52,NA,NA
Sheffield Devonshire Green - UKA00575,2024-12-21T00:10:00Z,µg/m³,23,NA,NA,NA
Sheffield Devonshire Green - UKA00575,2024-12-21T00:11:00Z,µg/m³,16,NA,NA,NA
Sheffield Devonshire Green - UKA00575,2024-12-21T00:12:00Z,µg/m³,15,NA,NA,NA
Sheffield Devonshire Green - UKA00575,2024-12-21T00:13:00Z,µg/m³,16,NA,NA,NA
Sheffield Devonshire Green - UKA00575,2024-12-21T00:14:00Z,µg/m³,15,NA,NA,NA
Sheffield Devonshire Green - UKA00575,2024-12-21T00:15:00Z,µg/m³,14,46,NA,NA
Sheffield Devonshire Green - UKA00575,2024-12-21T00:16:00Z,µg/m³,10,47,NA,NA
Sheffield Devonshire Green - UKA00575,2024-12-21T00:17:00Z,µg/m³,15,46,NA,NA
Sheffield Devonshire Green - UKA00575,2024-12-21T00:18:00Z,µg/m³,17,46,NA,NA
Sheffield Devonshire Green - UKA00575,2024-12-21T00:19:00Z,µg/m³,20,45,NA,NA
Sheffield Devonshire Green - UKA00575,2024-12-21T00:20:00Z,µg/m³,33,41,NA,NA
Sheffield Devonshire Green - UKA00575,2024-12-21T00:21:00Z,µg/m³,45,36,NA,NA
Sheffield Devonshire Green - UKA00575,2024-12-21T00:22:00Z,µg/m³,35,31,NA,NA
Sheffield Devonshire Green - UKA00575,2024-12-21T00:23:00Z,µg/m³,35,29,NA,NA
Sheffield Devonshire Green - UKA00575,2024-02-21T00:17:00Z,µg/m³,26,57,7,4
Sheffield Devonshire Green - UKA00575,2024-02-21T00:18:00Z,µg/m³,25,57,6,4
Sheffield Devonshire Green - UKA00575,2024-02-21T00:19:00Z,µg/m³,25,57,6,3
Sheffield Devonshire Green - UKA00575,2024-02-21T00:20:00Z,µg/m³,24,56,5,3
Sheffield Devonshire Green - UKA00575,2024-02-21T00:21:00Z,µg/m³,24,55,5,3
Sheffield Devonshire Green - UKA00575,2024-02-21T00:22:00Z,µg/m³,21,55,5,3
Sheffield Devonshire Green - UKA00575,2024-02-21T00:23:00Z,µg/m³,21,55,4,3
Sheffield Devonshire Green - UKA00575,2024-03-21T00:00:00Z,µg/m³,18,57,4,2
Sheffield Devonshire Green - UKA00575,2024-03-21T00:02:00Z,µg/m³,18,59,4,2
Sheffield Devonshire Green - UKA00575,2024-03-21T00:03:00Z,µg/m³,18,60,4,2
Sheffield Devonshire Green - UKA00575,2024-03-21T00:04:00Z,µg/m³,18,60,4,3
Sheffield Devonshire Green - UKA00575,2024-03-21T00:05:00Z,µg/m³,18,61,4,3
Sheffield Devonshire Green - UKA00575,2024-03-21T00:06:00Z,µg/m³,16,62,4,3
Sheffield Devonshire Green - UKA00575,2024-03-21T00:07:00Z,µg/m³,17,62,4,3
Sheffield Devonshire Green - UKA00575,2024-03-21T00:08:00Z,µg/m³,19,61,4,3
Sheffield Devonshire Green - UKA00575,2024-03-21T00:09:00Z,µg/m³,20,62,4,3
Sheffield Devonshire Green - UKA00575,2024-03-21T00:10:00Z,µg/m³,20,62,4,3
Sheffield Devonshire Green - UKA00575,2024-03-21T00:11:00Z,µg/m³,21,62,4,3
Sheffield Devonshire Green - UKA00575,2024-03-21T00:12:00Z,µg/m³,23,62,4,3
Sheffield Devonshire Green - UKA00575,2024-03-21T00:13:00Z,µg/m³,24,63,4,3
Sheffield Devonshire Green - UKA00575,2024-03-21T00:14:00Z,µg/m³,27,63,4,3
Sheffield Devonshire Green - UKA00575,2024-03-21T00:15:00Z,µg/m³,28,63,4,3
Sheffield Devonshire Green - UKA00575,2024-03-21T00:16:00Z,µg/m³,29,62,4,3
Sheffield Devonshire Green - UKA00575,2024-03-21T00:17:00Z,µg/m³,32,61,4,3
Sheffield Devonshire Green - UKA00575,2024-03-21T00:18:00Z,µg/m³,30,61,4,3
Sheffield Devonshire Green - UKA00575,2024-03-21T00:19:00Z,µg/m³,30,61,4,3
Sheffield Devonshire Green - UKA00575,2024-03-21T00:20:00Z,µg/m³,33,61,5,3
Sheffield Devonshire Green - UKA00575,2024-03-21T00:21:00Z,µg/m³,30,60,5,3
Sheffield Devonshire Green - UKA00575,2024-03-21T00:22:00Z,µg/m³,25,60,5,3
Sheffield Devonshire Green - UKA00575,2024-03-21T00:23:00Z,µg/m³,25,60,5,3
Sheffield Devonshire Green - UKA00575,2024-04-21T00:00:00Z,µg/m³,27,61,6,3
Sheffield Devonshire Green - UKA00575,2024-04-21T00:02:00Z,µg/m³,21,64,6,4
Sheffield Devonshire Green - UKA00575,2024-04-21T00:04:00Z,µg/m³,20,67,6,3
Sheffield Devonshire Green - UKA00575,2024-04-21T00:06:00Z,µg/m³,19,69,6,3
Sheffield Devonshire Green - UKA00575,2024-04-21T00:07:00Z,µg/m³,19,70,6,3
Sheffield Devonshire Green - UKA00575,2024-04-21T00:08:00Z,µg/m³,21,71,6,3
Sheffield Devonshire Green - UKA00575,2024-04-21T00:09:00Z,µg/m³,23,71,6,3
Sheffield Devonshire Green - UKA00575,2024-04-21T00:10:00Z,µg/m³,23,70,6,3
Sheffield Devonshire Green - UKA00575,2024-04-21T00:11:00Z,µg/m³,24,68,6,3
Sheffield Devonshire Green - UKA00575,2024-04-21T00:12:00Z,µg/m³,24,65,6,3
Sheffield Devonshire Green - UKA00575,2024-04-21T00:13:00Z,µg/m³,24,63,6,3
Sheffield Devonshire Green - UKA00575,2024-04-21T00:14:00Z,µg/m³,22,61,6,3
Sheffield Devonshire Green - UKA00575,2024-04-21T00:15:00Z,µg/m³,24,59,6,3
Sheffield Devonshire Green - UKA00575,2024-04-21T00:16:00Z,µg/m³,23,58,6,3
Sheffield Devonshire Green - UKA00575,2024-04-21T00:17:00Z,µg/m³,22,57,6,3
Sheffield Devonshire Green - UKA00575,2024-04-21T00:18:00Z,µg/m³,22,57,7,4
Sheffield Devonshire Green - UKA00575,2024-04-21T00:19:00Z,µg/m³,22,57,7,4
Sheffield Devonshire Green - UKA00575,2024-04-21T00:20:00Z,µg/m³,21,57,8,4
Sheffield Devonshire Green - UKA00575,2024-04-21T00:21:00Z,µg/m³,22,57,9,5
Sheffield Devonshire Green - UKA00575,2024-04-21T00:22:00Z,µg/m³,20,57,10,5
Sheffield Devonshire Green - UKA00575,2024-04-21T00:23:00Z,µg/m³,20,57,10,5
Sheffield Devonshire Green - UKA00575,2024-05-21T00:00:00Z,µg/m³,21,57,13,6
Sheffield Devonshire Green - UKA00575,2024-05-21T00:02:00Z,µg/m³,18,58,15,7
Sheffield Devonshire Green - UKA00575,2024-05-21T00:03:00Z,µg/m³,18,58,15,7
Sheffield Devonshire Green - UKA00575,2024-05-21T00:04:00Z,µg/m³,18,59,16,8
Sheffield Devonshire Green - UKA00575,2024-05-21T00:05:00Z,µg/m³,18,59,17,8
Sheffield Devonshire Green - UKA00575,2024-05-21T00:06:00Z,µg/m³,20,60,18,8
Sheffield Devonshire Green - UKA00575,2024-05-21T00:07:00Z,µg/m³,22,60,18,8
Sheffield Devonshire Green - UKA00575,2024-05-21T00:08:00Z,µg/m³,23,61,19,9
Sheffield Devonshire Green - UKA00575,2024-05-21T00:09:00Z,µg/m³,24,60,19,9
Sheffield Devonshire Green - UKA00575,2024-05-21T00:10:00Z,µg/m³,23,60,20,9
Sheffield Devonshire Green - UKA00575,2024-05-21T00:11:00Z,µg/m³,22,60,20,9
Sheffield Devonshire Green - UKA00575,2024-05-21T00:12:00Z,µg/m³,23,61,20,9
Sheffield Devonshire Green - UKA00575,2024-05-21T00:13:00Z,µg/m³,22,62,20,9
Sheffield Devonshire Green - UKA00575,2024-05-21T00:14:00Z,µg/m³,24,62,20,9
Sheffield Devonshire Green - UKA00575,2024-05-21T00:15:00Z,µg/m³,23,64,21,9
Sheffield Devonshire Green - UKA00575,2024-05-21T00:16:00Z,µg/m³,24,65,21,9
Sheffield Devonshire Green - UKA00575,2024-05-21T00:17:00Z,µg/m³,25,67,21,10
Sheffield Devonshire Green - UKA00575,2024-05-21T00:18:00Z,µg/m³,22,68,21,10
Sheffield Devonshire Green - UKA00575,2024-05-21T00:19:00Z,µg/m³,25,69,21,9
Sheffield Devonshire Green - UKA00575,2024-05-21T00:20:00Z,µg/m³,23,69,20,9
Sheffield Devonshire Green - UKA00575,2024-05-21T00:21:00Z,µg/m³,24,68,19,9
Sheffield Devonshire Green - UKA00575,2024-05-21T00:22:00Z,µg/m³,23,68,18,8
Sheffield Devonshire Green - UKA00575,2024-05-21T00:23:00Z,µg/m³,23,67,17,8
Sheffield Devonshire Green - UKA00575,2024-06-21T00:00:00Z,µg/m³,20,66,15,7
Sheffield Devonshire Green - UKA00575,2024-06-21T00:02:00Z,µg/m³,19,66,12,6
Sheffield Devonshire Green - UKA00575,2024-06-21T00:03:00Z,µg/m³,19,66,12,6
Sheffield Devonshire Green - UKA00575,2024-06-21T00:04:00Z,µg/m³,18,67,10,5
Sheffield Devonshire Green - UKA00575,2024-06-21T00:05:00Z,µg/m³,18,67,10,5
Sheffield Devonshire Green - UKA00575,2024-06-21T00:06:00Z,µg/m³,18,68,9,4
Sheffield Devonshire Green - UKA00575,2024-06-21T00:07:00Z,µg/m³,18,68,9,4
Sheffield Devonshire Green - UKA00575,2024-06-21T00:08:00Z,µg/m³,18,68,8,4
Sheffield Devonshire Green - UKA00575,2024-06-21T00:09:00Z,µg/m³,NA,68,8,4
Sheffield Devonshire Green - UKA00575,2024-06-21T00:10:00Z,µg/m³,21,65,7,4
Sheffield Devonshire Green - UKA00575,2024-06-21T00:11:00Z,µg/m³,22,64,7,4
Sheffield Devonshire Green - UKA00575,2024-06-21T00:12:00Z,µg/m³,20,64,8,4
Sheffield Devonshire Green - UKA00575,2024-06-21T00:13:00Z,µg/m³,22,63,8,4
Sheffield Devonshire Green - UKA00575,2024-06-21T00:14:00Z,µg/m³,29,62,7,4
Sheffield Devonshire Green - UKA00575,2024-06-21T00:15:00Z,µg/m³,29,62,7,3
Sheffield Devonshire Green - UKA00575,2024-06-21T00:16:00Z,µg/m³,28,62,6,3
Sheffield Devonshire Green - UKA00575,2024-06-21T00:17:00Z,µg/m³,33,62,6,3
Sheffield Devonshire Green - UKA00575,2024-06-21T00:18:00Z,µg/m³,37,61,6,3
Sheffield Devonshire Green - UKA00575,2024-06-21T00:19:00Z,µg/m³,33,60,6,3
Sheffield Devonshire Green - UKA00575,2024-06-21T00:20:00Z,µg/m³,28,59,6,3
Sheffield Devonshire Green - UKA00575,2024-06-21T00:21:00Z,µg/m³,25,58,7,4
Sheffield Devonshire Green - UKA00575,2024-06-21T00:22:00Z,µg/m³,25,57,7,4
Sheffield Devonshire Green - UKA00575,2024-06-21T00:23:00Z,µg/m³,25,56,7,4
Sheffield Devonshire Green - UKA00575,2024-07-21T00:00:00Z,µg/m³,22,53,8,4
Sheffield Devonshire Green - UKA00575,2024-07-21T00:02:00Z,µg/m³,22,51,9,4
Sheffield Devonshire Green - UKA00575,2024-07-21T00:03:00Z,µg/m³,22,51,9,5
Sheffield Devonshire Green - UKA00575,2024-07-21T00:04:00Z,µg/m³,25,48,9,5
Sheffield Devonshire Green - UKA00575,2024-07-21T00:05:00Z,µg/m³,25,48,9,5
Sheffield Devonshire Green - UKA00575,2024-07-21T00:06:00Z,µg/m³,23,45,9,5
Sheffield Devonshire Green - UKA00575,2024-07-21T00:07:00Z,µg/m³,23,44,10,5
Sheffield Devonshire Green - UKA00575,2024-07-21T00:08:00Z,µg/m³,61,35,10,5
Sheffield Devonshire Green - UKA00575,2024-07-21T00:09:00Z,µg/m³,72,29,10,5
Sheffield Devonshire Green - UKA00575,2024-07-21T00:10:00Z,µg/m³,71,23,11,5
Sheffield Devonshire Green - UKA00575,2024-07-21T00:11:00Z,µg/m³,62,19,11,6
Sheffield Devonshire Green - UKA00575,2024-07-21T00:12:00Z,µg/m³,33,19,12,6
Sheffield Devonshire Green - UKA00575,2024-07-21T00:13:00Z,µg/m³,27,21,12,6
Sheffield Devonshire Green - UKA00575,2024-07-21T00:14:00Z,µg/m³,22,23,13,6
Sheffield Devonshire Green - UKA00575,2024-07-21T00:15:00Z,µg/m³,21,28,13,6
Sheffield Devonshire Green - UKA00575,2024-07-21T00:16:00Z,µg/m³,12,34,14,6
Sheffield Devonshire Green - UKA00575,2024-07-21T00:17:00Z,µg/m³,26,39,14,6
Sheffield Devonshire Green - UKA00575,2024-07-21T00:18:00Z,µg/m³,28,43,14,7
Sheffield Devonshire Green - UKA00575,2024-07-21T00:19:00Z,µg/m³,45,43,14,7
Sheffield Devonshire Green - UKA00575,2024-07-21T00:20:00Z,µg/m³,45,39,14,7
Sheffield Devonshire Green - UKA00575,2024-07-21T00:21:00Z,µg/m³,59,32,15,7
Sheffield Devonshire Green - UKA00575,2024-07-21T00:22:00Z,µg/m³,56,25,15,8
Sheffield Devonshire Green - UKA00575,2024-07-21T00:23:00Z,µg/m³,56,21,15,8
Sheffield Devonshire Green - UKA00575,2024-08-21T00:00:00Z,µg/m³,39,12,16,9
Sheffield Devonshire Green - UKA00575,2024-08-21T00:02:00Z,µg/m³,29,4,17,10
Sheffield Devonshire Green - UKA00575,2024-08-21T00:03:00Z,µg/m³,29,3,18,10
Sheffield Devonshire Green - UKA00575,2024-08-21T00:04:00Z,µg/m³,46,1,19,11
Sheffield Devonshire Green - UKA00575,2024-08-21T00:05:00Z,µg/m³,46,2,19,11
Sheffield Devonshire Green - UKA00575,2024-08-21T00:06:00Z,µg/m³,45,2,21,13
Sheffield Devonshire Green - UKA00575,2024-08-21T00:07:00Z,µg/m³,30,3,21,13
Sheffield Devonshire Green - UKA00575,2024-08-21T00:08:00Z,µg/m³,24,6,22,14
Sheffield Devonshire Green - UKA00575,2024-08-21T00:09:00Z,µg/m³,21,10,22,14
Sheffield Devonshire Green - UKA00575,2024-08-21T00:10:00Z,µg/m³,26,15,21,14
Sheffield Devonshire Green - UKA00575,2024-08-21T00:11:00Z,µg/m³,21,20,21,13
Sheffield Devonshire Green - UKA00575,2024-08-21T00:12:00Z,µg/m³,33,24,20,13
Sheffield Devonshire Green - UKA00575,2024-08-21T00:13:00Z,µg/m³,46,28,20,13
Sheffield Devonshire Green - UKA00575,2024-08-21T00:14:00Z,µg/m³,34,32,19,13
Sheffield Devonshire Green - UKA00575,2024-08-21T00:15:00Z,µg/m³,56,33,19,13
Sheffield Devonshire Green - UKA00575,2024-08-21T00:16:00Z,µg/m³,50,33,18,13
Sheffield Devonshire Green - UKA00575,2024-08-21T00:17:00Z,µg/m³,40,31,18,13
Sheffield Devonshire Green - UKA00575,2024-08-21T00:18:00Z,µg/m³,33,30,17,13
Sheffield Devonshire Green - UKA00575,2024-08-21T00:19:00Z,µg/m³,30,29,17,12
Sheffield Devonshire Green - UKA00575,2024-08-21T00:20:00Z,µg/m³,27,30,16,12
Sheffield Devonshire Green - UKA00575,2024-08-21T00:21:00Z,µg/m³,25,31,15,11
Sheffield Devonshire Green - UKA00575,2024-08-21T00:22:00Z,µg/m³,20,32,14,10
Sheffield Devonshire Green - UKA00575,2024-08-21T00:23:00Z,µg/m³,20,34,13,10
Sheffield Devonshire Green - UKA00575,2024-09-21T00:00:00Z,µg/m³,7,39,12,9
Sheffield Devonshire Green - UKA00575,2024-09-21T00:02:00Z,µg/m³,12,43,11,8
Sheffield Devonshire Green - UKA00575,2024-09-21T00:03:00Z,µg/m³,12,44,10,8
Sheffield Devonshire Green - UKA00575,2024-09-21T00:04:00Z,µg/m³,4,45,9,7
Sheffield Devonshire Green - UKA00575,2024-09-21T00:05:00Z,µg/m³,4,46,8,6
Sheffield Devonshire Green - UKA00575,2024-09-21T00:06:00Z,µg/m³,6,46,6,5
Sheffield Devonshire Green - UKA00575,2024-09-21T00:07:00Z,µg/m³,11,46,5,4
Sheffield Devonshire Green - UKA00575,2024-09-21T00:08:00Z,µg/m³,20,43,5,4
Sheffield Devonshire Green - UKA00575,2024-09-21T00:09:00Z,µg/m³,37,39,5,4
Sheffield Devonshire Green - UKA00575,2024-09-21T00:10:00Z,µg/m³,35,36,4,4
Sheffield Devonshire Green - UKA00575,2024-09-21T00:11:00Z,µg/m³,29,34,5,4
Sheffield Devonshire Green - UKA00575,2024-09-21T00:12:00Z,µg/m³,26,31,5,4
Sheffield Devonshire Green - UKA00575,2024-09-21T00:13:00Z,µg/m³,27,28,5,4
Sheffield Devonshire Green - UKA00575,2024-09-21T00:14:00Z,µg/m³,28,25,5,4
Sheffield Devonshire Green - UKA00575,2024-09-21T00:15:00Z,µg/m³,33,22,5,4
Sheffield Devonshire Green - UKA00575,2024-09-21T00:16:00Z,µg/m³,43,20,5,4
Sheffield Devonshire Green - UKA00575,2024-09-21T00:17:00Z,µg/m³,55,17,5,4
Sheffield Devonshire Green - UKA00575,2024-09-21T00:18:00Z,µg/m³,67,15,5,4
Sheffield Devonshire Green - UKA00575,2024-09-21T00:19:00Z,µg/m³,73,12,6,5
Sheffield Devonshire Green - UKA00575,2024-09-21T00:20:00Z,µg/m³,68,9,7,5
Sheffield Devonshire Green - UKA00575,2024-09-21T00:21:00Z,µg/m³,59,6,8,6
Sheffield Devonshire Green - UKA00575,2024-09-21T00:22:00Z,µg/m³,59,3,9,7
Sheffield Devonshire Green - UKA00575,2024-09-21T00:23:00Z,µg/m³,59,1,9,7
Sheffield Devonshire Green - UKA00575,2024-10-21T00:00:00Z,µg/m³,56,0,12,10
Sheffield Devonshire Green - UKA00575,2024-10-21T00:02:00Z,µg/m³,59,0,16,14
Sheffield Devonshire Green - UKA00575,2024-10-21T00:03:00Z,µg/m³,59,0,17,14
Sheffield Devonshire Green - UKA00575,2024-10-21T00:04:00Z,µg/m³,47,0,25,22
Sheffield Devonshire Green - UKA00575,2024-10-21T00:05:00Z,µg/m³,47,0,26,23
Sheffield Devonshire Green - UKA00575,2024-10-21T00:06:00Z,µg/m³,28,0,26,22
Sheffield Devonshire Green - UKA00575,2024-10-21T00:07:00Z,µg/m³,32,0,26,22
Sheffield Devonshire Green - UKA00575,2024-10-21T00:08:00Z,µg/m³,38,0,26,22
Sheffield Devonshire Green - UKA00575,2024-10-21T00:09:00Z,µg/m³,37,3,26,22
Sheffield Devonshire Green - UKA00575,2024-10-21T00:10:00Z,µg/m³,51,3,27,23
Sheffield Devonshire Green - UKA00575,2024-10-21T00:11:00Z,µg/m³,60,3,27,23
Sheffield Devonshire Green - UKA00575,2024-10-21T00:12:00Z,µg/m³,32,6,27,23
Sheffield Devonshire Green - UKA00575,2024-10-21T00:13:00Z,µg/m³,33,9,27,23
Sheffield Devonshire Green - UKA00575,2024-10-21T00:14:00Z,µg/m³,40,11,28,23
Sheffield Devonshire Green - UKA00575,2024-10-21T00:15:00Z,µg/m³,41,14,28,24
Sheffield Devonshire Green - UKA00575,2024-10-21T00:16:00Z,µg/m³,55,15,28,24
Sheffield Devonshire Green - UKA00575,2024-10-21T00:17:00Z,µg/m³,60,16,29,24
Sheffield Devonshire Green - UKA00575,2024-10-21T00:18:00Z,µg/m³,68,16,29,24
Sheffield Devonshire Green - UKA00575,2024-10-21T00:19:00Z,µg/m³,66,16,29,24
Sheffield Devonshire Green - UKA00575,2024-10-21T00:20:00Z,µg/m³,69,13,29,24
Sheffield Devonshire Green - UKA00575,2024-10-21T00:21:00Z,µg/m³,63,10,29,24
Sheffield Devonshire Green - UKA00575,2024-10-21T00:23:00Z,µg/m³,58,5,28,24
Sheffield Devonshire Green - UKA00575,2024-11-21T00:00:00Z,µg/m³,43,4,27,23
Sheffield Devonshire Green - UKA00575,2024-11-21T00:02:00Z,µg/m³,39,4,18,15
Sheffield Devonshire Green - UKA00575,2024-11-21T00:03:00Z,µg/m³,39,4,16,13
Sheffield Devonshire Green - UKA00575,2024-11-21T00:04:00Z,µg/m³,32,6,15,13
Sheffield Devonshire Green - UKA00575,2024-11-21T00:05:00Z,µg/m³,32,6,15,13
Sheffield Devonshire Green - UKA00575,2024-11-21T00:06:00Z,µg/m³,26,8,15,13
Sheffield Devonshire Green - UKA00575,2024-11-21T00:07:00Z,µg/m³,24,9,15,13
Sheffield Devonshire Green - UKA00575,2024-11-21T00:08:00Z,µg/m³,30,11,15,13
Sheffield Devonshire Green - UKA00575,2024-11-21T00:09:00Z,µg/m³,24,13,15,13
Sheffield Devonshire Green - UKA00575,2024-11-21T00:10:00Z,µg/m³,15,17,15,13
Sheffield Devonshire Green - UKA00575,2024-11-21T00:12:00Z,µg/m³,18,25,15,13
Sheffield Devonshire Green - UKA00575,2024-11-21T00:13:00Z,µg/m³,17,28,15,13
Sheffield Devonshire Green - UKA00575,2024-11-21T00:14:00Z,µg/m³,16,33,15,13
Sheffield Devonshire Green - UKA00575,2024-11-21T00:15:00Z,µg/m³,13,37,15,13
Sheffield Devonshire Green - UKA00575,2024-11-21T00:16:00Z,µg/m³,8,41,15,13
Sheffield Devonshire Green - UKA00575,2024-11-21T00:17:00Z,µg/m³,9,45,14,12
Sheffield Devonshire Green - UKA00575,2024-11-21T00:18:00Z,µg/m³,7,47,14,12
Sheffield Devonshire Green - UKA00575,2024-11-21T00:19:00Z,µg/m³,7,48,13,11
Sheffield Devonshire Green - UKA00575,2024-11-21T00:20:00Z,µg/m³,6,49,12,10
Sheffield Devonshire Green - UKA00575,2024-11-21T00:21:00Z,µg/m³,9,51,11,9
Sheffield Devonshire Green - UKA00575,2024-11-21T00:22:00Z,µg/m³,10,51,11,9
Sheffield Devonshire Green - UKA00575,2024-11-21T00:23:00Z,µg/m³,10,51,10,8
Sheffield Devonshire Green - UKA00575,2024-12-21T00:00:00Z,µg/m³,15,49,10,8
Sheffield Devonshire Green - UKA00575,2024-12-21T00:02:00Z,µg/m³,8,47,9,7
Sheffield Devonshire Green - UKA00575,2024-12-21T00:03:00Z,µg/m³,8,46,9,7
Sheffield Devonshire Green - UKA00575,2024-12-21T00:04:00Z,µg/m³,4,45,9,6
Sheffield Devonshire Green - UKA00575,2024-12-21T00:05:00Z,µg/m³,4,44,9,6
Sheffield Devonshire Green - UKA00575,2024-12-21T00:06:00Z,µg/m³,3,47,8,6
Sheffield Devonshire Green - UKA00575,2024-12-21T00:07:00Z,µg/m³,8,47,8,6
Sheffield Devonshire Green - UKA00575,2024-12-21T00:08:00Z,µg/m³,29,46,8,6
Sheffield Devonshire Green - UKA00575,2024-12-21T00:09:00Z,µg/m³,27,46,8,6
Sheffield Devonshire Green - UKA00575,2024-12-21T00:10:00Z,µg/m³,14,47,9,6
Sheffield Devonshire Green - UKA00575,2024-12-21T00:11:00Z,µg/m³,7,49,9,5
Sheffield Devonshire Green - UKA00575,2024-12-21T00:12:00Z,µg/m³,3,52,9,5
Sheffield Devonshire Green - UKA00575,2024-12-21T00:13:00Z,µg/m³,3,54,9,5
Sheffield Devonshire Green - UKA00575,2024-12-21T00:14:00Z,µg/m³,2,55,9,5
Sheffield Devonshire Green - UKA00575,2024-12-21T00:15:00Z,µg/m³,0,58,8,4
Sheffield Devonshire Green - UKA00575,2024-12-21T00:16:00Z,µg/m³,1,62,8,4
Sheffield Devonshire Green - UKA00575,2024-12-21T00:17:00Z,µg/m³,6,65,8,4
Sheffield Devonshire Green - UKA00575,2024-12-21T00:18:00Z,µg/m³,6,66,8,4
Sheffield Devonshire Green - UKA00575,2024-12-21T00:19:00Z,µg/m³,8,66,9,4
Sheffield Devonshire Green - UKA00575,2024-12-21T00:20:00Z,µg/m³,3,66,8,4
Sheffield Devonshire Green - UKA00575,2024-12-21T00:21:00Z,µg/m³,2,66,8,4
Sheffield Devonshire Green - UKA00575,2024-12-21T00:22:00Z,µg/m³,1,65,8,4
Sheffield Devonshire Green - UKA00575,2024-12-21T00:23:00Z,µg/m³,1,64,8,4
Sheffield Devonshire Green - UKA00575,2024-01-21T00:00:00Z,µg/m³,15,47,14,6
Sheffield Devonshire Green - UKA00575,2024-01-21T00:02:00Z,µg/m³,13,46,15,7
Sheffield Devonshire Green - UKA00575,2024-01-21T00:03:00Z,µg/m³,13,46,15,7
Sheffield Devonshire Green - UKA00575,2024-01-21T00:04:00Z,µg/m³,10,46,15,7
Sheffield Devonshire Green - UKA00575,2024-01-21T00:05:00Z,µg/m³,10,46,16,7
Sheffield Devonshire Green - UKA00575,2024-01-21T00:06:00Z,µg/m³,12,46,16,7
Sheffield Devonshire Green - UKA00575,2024-01-21T00:07:00Z,µg/m³,22,45,16,7
Sheffield Devonshire Green - UKA00575,2024-01-21T00:08:00Z,µg/m³,29,44,16,7
Sheffield Devonshire Green - UKA00575,2024-01-21T00:09:00Z,µg/m³,26,42,16,7
Sheffield Devonshire Green - UKA00575,2024-01-21T00:10:00Z,µg/m³,22,42,15,7
Sheffield Devonshire Green - UKA00575,2024-01-21T00:11:00Z,µg/m³,16,44,15,7
Sheffield Devonshire Green - UKA00575,2024-01-21T00:12:00Z,µg/m³,31,44,14,7
Sheffield Devonshire Green - UKA00575,2024-01-21T00:13:00Z,µg/m³,35,43,13,6
Sheffield Devonshire Green - UKA00575,2024-01-21T00:14:00Z,µg/m³,24,44,13,6
Sheffield Devonshire Green - UKA00575,2024-01-21T00:15:00Z,µg/m³,23,46,12,6
Sheffield Devonshire Green - UKA00575,2024-01-21T00:16:00Z,µg/m³,20,49,11,6
Sheffield Devonshire Green - UKA00575,2024-01-21T00:17:00Z,µg/m³,20,53,11,5
Sheffield Devonshire Green - UKA00575,2024-01-21T00:18:00Z,µg/m³,20,56,10,5
Sheffield Devonshire Green - UKA00575,2024-01-21T00:19:00Z,µg/m³,31,55,9,5
Sheffield Devonshire Green - UKA00575,2024-01-21T00:20:00Z,µg/m³,61,53,9,5
Sheffield Devonshire Green - UKA00575,2024-01-21T00:21:00Z,µg/m³,80,49,9,5
Sheffield Devonshire Green - UKA00575,2024-01-21T00:22:00Z,µg/m³,74,43,9,5
Sheffield Devonshire Green - UKA00575,2024-01-21T00:23:00Z,µg/m³,74,42,9,5
Sheffield Devonshire Green - UKA00575,2024-02-21T00:00:00Z,µg/m³,62,31,9,6
Sheffield Devonshire Green - UKA00575,2024-02-21T00:02:00Z,µg/m³,67,14,10,7
Sheffield Devonshire Green - UKA00575,2024-02-21T00:03:00Z,µg/m³,67,9,10,7
Sheffield Devonshire Green - UKA00575,2024-02-21T00:04:00Z,µg/m³,32,9,11,8
Sheffield Devonshire Green - UKA00575,2024-02-21T00:05:00Z,µg/m³,32,9,11,8
Sheffield Devonshire Green - UKA00575,2024-02-21T00:06:00Z,µg/m³,26,14,11,8
Sheffield Devonshire Green - UKA00575,2024-02-21T00:07:00Z,µg/m³,19,19,11,9
Sheffield Devonshire Green - UKA00575,2024-02-21T00:08:00Z,µg/m³,17,24,12,9
Sheffield Devonshire Green - UKA00575,2024-02-21T00:09:00Z,µg/m³,17,30,12,9
Sheffield Devonshire Green - UKA00575,2024-02-21T00:10:00Z,µg/m³,25,36,12,10
Sheffield Devonshire Green - UKA00575,2024-02-21T00:11:00Z,µg/m³,24,41,12,10
Sheffield Devonshire Green - UKA00575,2024-02-21T00:12:00Z,µg/m³,28,45,12,10
Sheffield Devonshire Green - UKA00575,2024-02-21T00:13:00Z,µg/m³,31,48,13,10
Sheffield Devonshire Green - UKA00575,2024-02-21T00:14:00Z,µg/m³,44,49,13,10
Sheffield Devonshire Green - UKA00575,2024-02-21T00:15:00Z,µg/m³,43,49,13,10
Sheffield Devonshire Green - UKA00575,2024-02-21T00:16:00Z,µg/m³,42,50,13,10
Sheffield Devonshire Green - UKA00575,2024-02-21T00:17:00Z,µg/m³,26,51,12,10
Sheffield Devonshire Green - UKA00575,2024-02-21T00:18:00Z,µg/m³,40,51,12,10
Sheffield Devonshire Green - UKA00575,2024-02-21T00:19:00Z,µg/m³,39,50,12,10
Sheffield Devonshire Green - UKA00575,2024-02-21T00:20:00Z,µg/m³,33,49,12,10
Sheffield Devonshire Green - UKA00575,2024-02-21T00:21:00Z,µg/m³,31,47,12,9
Sheffield Devonshire Green - UKA00575,2024-02-21T00:22:00Z,µg/m³,31,45,12,9
Sheffield Devonshire Green - UKA00575,2024-02-21T00:23:00Z,µg/m³,31,45,11,9
Sheffield Devonshire Green - UKA00575,2024-03-21T00:00:00Z,µg/m³,29,43,11,9
Sheffield Devonshire Green - UKA00575,2024-03-21T00:02:00Z,µg/m³,21,39,10,8
Sheffield Devonshire Green - UKA00575,2024-03-21T00:03:00Z,µg/m³,21,37,10,8
Sheffield Devonshire Green - UKA00575,2024-03-21T00:04:00Z,µg/m³,15,40,10,8
Sheffield Devonshire Green - UKA00575,2024-03-21T00:05:00Z,µg/m³,15,41,9,8
Sheffield Devonshire Green - UKA00575,2024-03-21T00:06:00Z,µg/m³,3,48,9,7
Sheffield Devonshire Green - UKA00575,2024-03-21T00:07:00Z,µg/m³,1,52,9,7
Sheffield Devonshire Green - UKA00575,2024-03-21T00:08:00Z,µg/m³,4,55,8,7
Sheffield Devonshire Green - UKA00575,2024-03-21T00:09:00Z,µg/m³,10,57,8,7
Sheffield Devonshire Green - UKA00575,2024-03-21T00:10:00Z,µg/m³,15,57,8,7
Sheffield Devonshire Green - UKA00575,2024-03-21T00:11:00Z,µg/m³,30,56,8,7
Sheffield Devonshire Green - UKA00575,2024-03-21T00:12:00Z,µg/m³,25,57,8,7
Sheffield Devonshire Green - UKA00575,2024-03-21T00:13:00Z,µg/m³,9,57,8,7
Sheffield Devonshire Green - UKA00575,2024-03-21T00:14:00Z,µg/m³,4,59,8,7
Sheffield Devonshire Green - UKA00575,2024-03-21T00:15:00Z,µg/m³,15,58,9,7
Sheffield Devonshire Green - UKA00575,2024-03-21T00:16:00Z,µg/m³,23,57,9,7
Sheffield Devonshire Green - UKA00575,2024-03-21T00:17:00Z,µg/m³,18,57,9,8
Sheffield Devonshire Green - UKA00575,2024-03-21T00:18:00Z,µg/m³,23,57,10,8
Sheffield Devonshire Green - UKA00575,2024-03-21T00:19:00Z,µg/m³,36,56,11,8
Sheffield Devonshire Green - UKA00575,2024-03-21T00:20:00Z,µg/m³,44,52,11,9
Sheffield Devonshire Green - UKA00575,2024-03-21T00:21:00Z,µg/m³,57,44,12,10
Sheffield Devonshire Green - UKA00575,2024-03-21T00:22:00Z,µg/m³,55,35,13,10
Sheffield Devonshire Green - UKA00575,2024-03-21T00:23:00Z,µg/m³,55,31,13,10
Sheffield Devonshire Green - UKA00575,2024-04-21T00:00:00Z,µg/m³,43,22,14,11
Sheffield Devonshire Green - UKA00575,2024-04-21T00:02:00Z,µg/m³,37,9,14,12
Sheffield Devonshire Green - UKA00575,2024-04-21T00:03:00Z,µg/m³,37,6,15,12
Sheffield Devonshire Green - UKA00575,2024-04-21T00:04:00Z,µg/m³,22,4,15,12
Sheffield Devonshire Green - UKA00575,2024-04-21T00:05:00Z,µg/m³,22,3,15,12
Sheffield Devonshire Green - UKA00575,2024-04-21T00:06:00Z,µg/m³,24,3,15,12
Sheffield Devonshire Green - UKA00575,2024-04-21T00:07:00Z,µg/m³,33,3,15,12
Sheffield Devonshire Green - UKA00575,2024-04-21T00:08:00Z,µg/m³,47,2,15,12
Sheffield Devonshire Green - UKA00575,2024-04-21T00:09:00Z,µg/m³,71,3,16,13
Sheffield Devonshire Green - UKA00575,2024-04-21T00:10:00Z,µg/m³,76,3,17,13
Sheffield Devonshire Green - UKA00575,2024-04-21T00:11:00Z,µg/m³,52,6,17,13
Sheffield Devonshire Green - UKA00575,2024-04-21T00:12:00Z,µg/m³,32,11,18,14
Sheffield Devonshire Green - UKA00575,2024-04-21T00:13:00Z,µg/m³,23,18,18,14
Sheffield Devonshire Green - UKA00575,2024-04-21T00:14:00Z,µg/m³,29,25,18,14
Sheffield Devonshire Green - UKA00575,2024-04-21T00:15:00Z,µg/m³,29,32,18,13
Sheffield Devonshire Green - UKA00575,2024-04-21T00:16:00Z,µg/m³,41,37,18,13
Sheffield Devonshire Green - UKA00575,2024-04-21T00:17:00Z,µg/m³,40,43,18,13
Sheffield Devonshire Green - UKA00575,2024-04-21T00:18:00Z,µg/m³,31,48,18,13
Sheffield Devonshire Green - UKA00575,2024-04-21T00:19:00Z,µg/m³,26,51,18,13
Sheffield Devonshire Green - UKA00575,2024-04-21T00:20:00Z,µg/m³,12,55,17,12
Sheffield Devonshire Green - UKA00575,2024-04-21T00:21:00Z,µg/m³,10,56,16,11
Sheffield Devonshire Green - UKA00575,2024-04-21T00:22:00Z,µg/m³,15,57,15,10
Sheffield Devonshire Green - UKA00575,2024-04-21T00:23:00Z,µg/m³,15,58,15,10
Sheffield Devonshire Green - UKA00575,2024-05-21T00:00:00Z,µg/m³,12,59,14,9
Sheffield Devonshire Green - UKA00575,2024-05-21T00:02:00Z,µg/m³,14,63,13,8
Sheffield Devonshire Green - UKA00575,2024-05-21T00:03:00Z,µg/m³,14,65,13,8
Sheffield Devonshire Green - UKA00575,2024-05-21T00:04:00Z,µg/m³,15,62,13,7
Sheffield Devonshire Green - UKA00575,2024-05-21T00:05:00Z,µg/m³,15,61,13,7
Sheffield Devonshire Green - UKA00575,2024-05-21T00:06:00Z,µg/m³,15,59,13,7
Sheffield Devonshire Green - UKA00575,2024-05-21T00:07:00Z,µg/m³,28,57,13,7
Sheffield Devonshire Green - UKA00575,2024-05-21T00:08:00Z,µg/m³,41,53,13,7
Sheffield Devonshire Green - UKA00575,2024-05-21T00:09:00Z,µg/m³,34,48,13,7
Sheffield Devonshire Green - UKA00575,2024-05-21T00:11:00Z,µg/m³,23,44,14,7
Sheffield Devonshire Green - UKA00575,2024-05-21T00:12:00Z,µg/m³,30,44,13,7
Sheffield Devonshire Green - UKA00575,2024-05-21T00:13:00Z,µg/m³,35,43,14,7
Sheffield Devonshire Green - UKA00575,2024-05-21T00:14:00Z,µg/m³,27,43,14,7
Sheffield Devonshire Green - UKA00575,2024-05-21T00:15:00Z,µg/m³,27,45,14,7
Sheffield Devonshire Green - UKA00575,2024-05-21T00:17:00Z,µg/m³,31,51,15,8
Sheffield Devonshire Green - UKA00575,2024-05-21T00:18:00Z,µg/m³,39,52,16,8
Sheffield Devonshire Green - UKA00575,2024-05-21T00:19:00Z,µg/m³,48,50,16,8
Sheffield Devonshire Green - UKA00575,2024-05-21T00:20:00Z,µg/m³,68,46,16,9
Sheffield Devonshire Green - UKA00575,2024-05-21T00:21:00Z,µg/m³,71,41,17,9
Sheffield Devonshire Green - UKA00575,2024-05-21T00:22:00Z,µg/m³,62,35,18,10
Sheffield Devonshire Green - UKA00575,2024-05-21T00:23:00Z,µg/m³,62,32,18,10
Sheffield Devonshire Green - UKA00575,2024-06-21T00:00:00Z,µg/m³,57,22,19,11
Sheffield Devonshire Green - UKA00575,2024-06-21T00:02:00Z,µg/m³,46,10,20,12
Sheffield Devonshire Green - UKA00575,2024-06-21T00:03:00Z,µg/m³,46,6,21,12
Sheffield Devonshire Green - UKA00575,2024-06-21T00:04:00Z,µg/m³,26,4,21,13
Sheffield Devonshire Green - UKA00575,2024-06-21T00:05:00Z,µg/m³,26,4,21,13
Sheffield Devonshire Green - UKA00575,2024-06-21T00:06:00Z,µg/m³,30,3,21,13
Sheffield Devonshire Green - UKA00575,2024-06-21T00:07:00Z,µg/m³,37,3,21,14
Sheffield Devonshire Green - UKA00575,2024-06-21T00:08:00Z,µg/m³,47,3,21,14
Sheffield Devonshire Green - UKA00575,2024-06-21T00:09:00Z,µg/m³,47,4,22,15
Sheffield Devonshire Green - UKA00575,2024-06-21T00:10:00Z,µg/m³,43,7,23,15
Sheffield Devonshire Green - UKA00575,2024-06-21T00:11:00Z,µg/m³,35,11,23,16
Sheffield Devonshire Green - UKA00575,2024-06-21T00:12:00Z,µg/m³,35,14,24,17
Sheffield Devonshire Green - UKA00575,2024-06-21T00:13:00Z,µg/m³,35,19,24,18
Sheffield Devonshire Green - UKA00575,2024-06-21T00:14:00Z,µg/m³,24,23,25,18
Sheffield Devonshire Green - UKA00575,2024-06-21T00:15:00Z,µg/m³,16,29,25,19
Sheffield Devonshire Green - UKA00575,2024-06-21T00:16:00Z,µg/m³,18,34,26,19
Sheffield Devonshire Green - UKA00575,2024-06-21T00:17:00Z,µg/m³,27,37,26,20
Sheffield Devonshire Green - UKA00575,2024-06-21T00:18:00Z,µg/m³,38,36,27,20
Sheffield Devonshire Green - UKA00575,2024-06-21T00:19:00Z,µg/m³,53,33,27,21
Sheffield Devonshire Green - UKA00575,2024-06-21T00:20:00Z,µg/m³,44,31,28,21
Sheffield Devonshire Green - UKA00575,2024-06-21T00:21:00Z,µg/m³,43,27,29,22
Sheffield Devonshire Green - UKA00575,2024-06-21T00:22:00Z,µg/m³,52,23,29,23
Sheffield Devonshire Green - UKA00575,2024-06-21T00:23:00Z,µg/m³,52,19,29,23
Sheffield Devonshire Green - UKA00575,2024-07-21T00:00:00Z,µg/m³,44,12,31,24
Sheffield Devonshire Green - UKA00575,2024-07-21T00:02:00Z,µg/m³,33,7,32,25
Sheffield Devonshire Green - UKA00575,2024-07-21T00:03:00Z,µg/m³,33,6,33,25
Sheffield Devonshire Green - UKA00575,2024-07-21T00:04:00Z,µg/m³,11,9,33,26
Sheffield Devonshire Green - UKA00575,2024-07-21T00:05:00Z,µg/m³,11,9,34,27
Sheffield Devonshire Green - UKA00575,2024-07-21T00:06:00Z,µg/m³,9,17,34,27
Sheffield Devonshire Green - UKA00575,2024-07-21T00:07:00Z,µg/m³,10,22,35,28
Sheffield Devonshire Green - UKA00575,2024-07-21T00:08:00Z,µg/m³,15,26,35,28
Sheffield Devonshire Green - UKA00575,2024-07-21T00:09:00Z,µg/m³,17,31,34,27
Sheffield Devonshire Green - UKA00575,2024-07-21T00:10:00Z,µg/m³,22,36,33,27
Sheffield Devonshire Green - UKA00575,2024-07-21T00:11:00Z,µg/m³,24,39,33,27
Sheffield Devonshire Green - UKA00575,2024-07-21T00:12:00Z,µg/m³,25,39,32,26
Sheffield Devonshire Green - UKA00575,2024-07-21T00:13:00Z,µg/m³,22,39,32,27
Sheffield Devonshire Green - UKA00575,2024-07-21T00:14:00Z,µg/m³,13,39,32,27
Sheffield Devonshire Green - UKA00575,2024-07-21T00:15:00Z,µg/m³,15,40,33,27
Sheffield Devonshire Green - UKA00575,2024-07-21T00:16:00Z,µg/m³,15,40,33,27
Sheffield Devonshire Green - UKA00575,2024-07-21T00:17:00Z,µg/m³,15,40,33,28
Sheffield Devonshire Green - UKA00575,2024-07-21T00:18:00Z,µg/m³,17,40,33,28
Sheffield Devonshire Green - UKA00575,2024-07-21T00:19:00Z,µg/m³,14,41,33,28
Sheffield Devonshire Green - UKA00575,2024-07-21T00:20:00Z,µg/m³,13,43,33,27
Sheffield Devonshire Green - UKA00575,2024-07-21T00:21:00Z,µg/m³,7,45,32,27
Sheffield Devonshire Green - UKA00575,2024-07-21T00:22:00Z,µg/m³,5,47,32,26
Sheffield Devonshire Green - UKA00575,2024-07-21T00:23:00Z,µg/m³,5,47,31,26
Sheffield Devonshire Green - UKA00575,2024-08-21T00:00:00Z,µg/m³,1,53,30,25
Sheffield Devonshire Green - UKA00575,2024-08-21T00:02:00Z,µg/m³,2,57,29,24
Sheffield Devonshire Green - UKA00575,2024-08-21T00:04:00Z,µg/m³,2,57,29,23
Sheffield Devonshire Green - UKA00575,2024-08-21T00:05:00Z,µg/m³,2,57,29,23
Sheffield Devonshire Green - UKA00575,2024-08-21T00:07:00Z,µg/m³,11,51,30,23
Sheffield Devonshire Green - UKA00575,2024-08-21T00:09:00Z,µg/m³,13,44,31,24
Sheffield Devonshire Green - UKA00575,2024-08-21T00:12:00Z,µg/m³,6,46,33,24
Sheffield Devonshire Green - UKA00575,2024-08-21T00:13:00Z,µg/m³,6,47,33,24
Sheffield Devonshire Green - UKA00575,2024-08-21T00:14:00Z,µg/m³,7,50,33,24
Sheffield Devonshire Green - UKA00575,2024-08-21T00:15:00Z,µg/m³,6,52,33,24
Sheffield Devonshire Green - UKA00575,2024-08-21T00:17:00Z,µg/m³,7,59,33,24
Sheffield Devonshire Green - UKA00575,2024-08-21T00:19:00Z,µg/m³,21,60,34,24
Sheffield Devonshire Green - UKA00575,2024-08-21T00:22:00Z,µg/m³,15,60,37,26
Sheffield Devonshire Green - UKA00575,2024-08-21T00:23:00Z,µg/m³,15,60,38,26
Sheffield Devonshire Green - UKA00575,2024-09-21T00:00:00Z,µg/m³,11,57,39,28
Sheffield Devonshire Green - UKA00575,2024-09-21T00:02:00Z,µg/m³,17,53,41,29
Sheffield Devonshire Green - UKA00575,2024-09-21T00:03:00Z,µg/m³,17,53,42,29
Sheffield Devonshire Green - UKA00575,2024-09-21T00:04:00Z,µg/m³,8,51,43,30
Sheffield Devonshire Green - UKA00575,2024-09-21T00:06:00Z,µg/m³,10,50,44,31
Sheffield Devonshire Green - UKA00575,2024-09-21T00:07:00Z,µg/m³,9,50,45,32
Sheffield Devonshire Green - UKA00575,2024-09-21T00:08:00Z,µg/m³,13,48,46,32
Sheffield Devonshire Green - UKA00575,2024-09-21T00:09:00Z,µg/m³,22,46,46,33
Sheffield Devonshire Green - UKA00575,2024-09-21T00:11:00Z,µg/m³,15,42,48,34
Sheffield Devonshire Green - UKA00575,2024-09-21T00:14:00Z,µg/m³,15,40,48,35
Sheffield Devonshire Green - UKA00575,2024-09-21T00:16:00Z,µg/m³,21,42,49,35
Sheffield Devonshire Green - UKA00575,2024-09-21T00:20:00Z,µg/m³,24,46,51,37
Sheffield Devonshire Green - UKA00575,2024-09-21T00:21:00Z,µg/m³,27,44,51,37
Sheffield Devonshire Green - UKA00575,2024-09-21T00:22:00Z,µg/m³,21,42,52,38
Sheffield Devonshire Green - UKA00575,2024-09-21T00:23:00Z,µg/m³,21,41,52,38
Sheffield Devonshire Green - UKA00575,2024-10-21T00:00:00Z,µg/m³,12,40,52,39
Sheffield Devonshire Green - UKA00575,2024-10-21T00:02:00Z,µg/m³,12,39,52,39
Sheffield Devonshire Green - UKA00575,2024-10-21T00:05:00Z,µg/m³,13,39,52,39
Sheffield Devonshire Green - UKA00575,2024-10-21T00:06:00Z,µg/m³,11,39,50,38
Sheffield Devonshire Green - UKA00575,2024-10-21T00:08:00Z,µg/m³,6,41,48,37
Sheffield Devonshire Green - UKA00575,2024-10-21T00:09:00Z,µg/m³,8,41,47,36
Sheffield Devonshire Green - UKA00575,2024-10-21T00:15:00Z,µg/m³,26,37,44,35
Sheffield Devonshire Green - UKA00575,2024-10-21T00:16:00Z,µg/m³,20,36,44,34
Sheffield Devonshire Green - UKA00575,2024-10-21T00:18:00Z,µg/m³,22,36,43,34
Sheffield Devonshire Green - UKA00575,2024-10-21T00:19:00Z,µg/m³,21,37,44,35
Sheffield Devonshire Green - UKA00575,2024-10-21T00:20:00Z,µg/m³,25,37,43,35
Sheffield Devonshire Green - UKA00575,2024-10-21T00:21:00Z,µg/m³,12,39,43,34
Sheffield Devonshire Green - UKA00575,2024-10-21T00:23:00Z,µg/m³,13,43,41,33
Sheffield Devonshire Green - UKA00575,2024-11-21T00:02:00Z,µg/m³,2,50,40,32
Sheffield Devonshire Green - UKA00575,2024-11-21T00:03:00Z,µg/m³,2,51,40,32
Sheffield Devonshire Green - UKA00575,2024-11-21T00:04:00Z,µg/m³,1,54,39,32
Sheffield Devonshire Green - UKA00575,2024-11-21T00:05:00Z,µg/m³,1,55,39,32
Sheffield Devonshire Green - UKA00575,2024-11-21T00:08:00Z,µg/m³,16,54,40,32
Sheffield Devonshire Green - UKA00575,2024-11-21T00:09:00Z,µg/m³,24,52,40,32
Sheffield Devonshire Green - UKA00575,2024-11-21T00:10:00Z,µg/m³,26,49,40,32
Sheffield Devonshire Green - UKA00575,2024-11-21T00:11:00Z,µg/m³,28,47,40,32
Sheffield Devonshire Green - UKA00575,2024-11-21T00:12:00Z,µg/m³,29,44,39,32
Sheffield Devonshire Green - UKA00575,2024-11-21T00:13:00Z,µg/m³,23,42,39,31
Sheffield Devonshire Green - UKA00575,2024-11-21T00:14:00Z,µg/m³,21,40,39,31
Sheffield Devonshire Green - UKA00575,2024-11-21T00:16:00Z,µg/m³,30,37,38,30
Sheffield Devonshire Green - UKA00575,2024-11-21T00:17:00Z,µg/m³,27,36,37,30
Sheffield Devonshire Green - UKA00575,2024-11-21T00:18:00Z,µg/m³,25,37,36,29
Sheffield Devonshire Green - UKA00575,2024-11-21T00:19:00Z,µg/m³,22,37,35,28
Sheffield Devonshire Green - UKA00575,2024-11-21T00:20:00Z,µg/m³,37,35,34,27
Sheffield Devonshire Green - UKA00575,2024-11-21T00:21:00Z,µg/m³,34,33,33,26
Sheffield Devonshire Green - UKA00575,2024-11-21T00:22:00Z,µg/m³,35,31,33,26
Sheffield Devonshire Green - UKA00575,2024-11-21T00:23:00Z,µg/m³,35,30,32,25
Sheffield Devonshire Green - UKA00575,2024-12-21T00:00:00Z,µg/m³,27,27,31,25
Sheffield Devonshire Green - UKA00575,2024-12-21T00:02:00Z,µg/m³,17,24,30,24
Sheffield Devonshire Green - UKA00575,2024-12-21T00:03:00Z,µg/m³,17,22,30,24
Sheffield Devonshire Green - UKA00575,2024-12-21T00:04:00Z,µg/m³,21,22,30,24
Sheffield Devonshire Green - UKA00575,2024-12-21T00:05:00Z,µg/m³,21,22,30,24
Sheffield Devonshire Green - UKA00575,2024-12-21T00:06:00Z,µg/m³,25,21,29,24
Sheffield Devonshire Green - UKA00575,2024-12-21T00:07:00Z,µg/m³,28,21,29,24
Sheffield Devonshire Green - UKA00575,2024-12-21T00:08:00Z,µg/m³,24,22,28,23
Sheffield Devonshire Green - UKA00575,2024-12-21T00:09:00Z,µg/m³,32,23,27,22
Sheffield Devonshire Green - UKA00575,2024-12-21T00:10:00Z,µg/m³,37,23,26,22
Sheffield Devonshire Green - UKA00575,2024-12-21T00:11:00Z,µg/m³,27,23,25,21
Sheffield Devonshire Green - UKA00575,2024-12-21T00:12:00Z,µg/m³,31,25,24,20
Sheffield Devonshire Green - UKA00575,2024-12-21T00:13:00Z,µg/m³,19,28,23,19
Sheffield Devonshire Green - UKA00575,2024-12-21T00:14:00Z,µg/m³,20,33,22,18
Sheffield Devonshire Green - UKA00575,2024-12-21T00:15:00Z,µg/m³,11,39,22,18
Sheffield Devonshire Green - UKA00575,2024-12-21T00:16:00Z,µg/m³,12,42,21,17
Sheffield Devonshire Green - UKA00575,2024-12-21T00:17:00Z,µg/m³,13,45,20,16
Sheffield Devonshire Green - UKA00575,2024-12-21T00:18:00Z,µg/m³,15,48,19,15
Sheffield Devonshire Green - UKA00575,2024-12-21T00:19:00Z,µg/m³,17,49,18,14
Sheffield Devonshire Green - UKA00575,2024-12-21T00:20:00Z,µg/m³,16,52,16,13
Sheffield Devonshire Green - UKA00575,2024-12-21T00:21:00Z,µg/m³,11,53,15,12
Sheffield Devonshire Green - UKA00575,2024-12-21T00:22:00Z,µg/m³,9,54,14,11
Sheffield Devonshire Green - UKA00575,2024-12-21T00:23:00Z,µg/m³,9,52,14,11
Sheffield Devonshire Green - UKA00575,2024-01-21T00:00:00Z,µg/m³,17,34,NA,NA
Sheffield Devonshire Green - UKA00575,2024-01-21T00:02:00Z,µg/m³,18,32,NA,NA
Sheffield Devonshire Green - UKA00575,2024-01-21T00:05:00Z,µg/m³,15,37,NA,NA
Sheffield Devonshire Green - UKA00575,2024-01-21T00:06:00Z,µg/m³,7,48,NA,NA
Sheffield Devonshire Green - UKA00575,2024-01-21T00:07:00Z,µg/m³,8,47,NA,NA
Sheffield Devonshire Green - UKA00575,2024-01-21T00:09:00Z,µg/m³,9,47,NA,NA
Sheffield Devonshire Green - UKA00575,2024-01-21T00:13:00Z,µg/m³,9,56,NA,NA
Sheffield Devonshire Green - UKA00575,2024-01-21T00:14:00Z,µg/m³,12,53,NA,NA
Sheffield Devonshire Green - UKA00575,2024-01-21T00:15:00Z,µg/m³,12,47,NA,NA
Sheffield Devonshire Green - UKA00575,2024-01-21T00:19:00Z,µg/m³,24,21,NA,NA
Sheffield Devonshire Green - UKA00575,2024-01-21T00:20:00Z,µg/m³,21,23,NA,NA
Sheffield Devonshire Green - UKA00575,2024-01-21T00:23:00Z,µg/m³,45,2,NA,NA
Sheffield Devonshire Green - UKA00575,2024-02-21T00:00:00Z,µg/m³,42,2,NA,NA
Sheffield Devonshire Green - UKA00575,2024-02-21T00:01:00Z,µg/m³,41,1,NA,NA
Sheffield Devonshire Green - UKA00575,2024-02-21T00:02:00Z,µg/m³,38,1,NA,NA
Sheffield Devonshire Green - UKA00575,2024-02-21T00:04:00Z,µg/m³,37,1,NA,NA
Sheffield Devonshire Green - UKA00575,2024-02-21T00:09:00Z,µg/m³,11,36,NA,NA
Sheffield Devonshire Green - UKA00575,2024-02-21T00:10:00Z,µg/m³,14,36,NA,NA
Sheffield Devonshire Green - UKA00575,2024-02-21T00:11:00Z,µg/m³,23,32,NA,NA
Sheffield Devonshire Green - UKA00575,2024-02-21T00:14:00Z,µg/m³,20,30,NA,NA
Sheffield Devonshire Green - UKA00575,2024-02-21T00:15:00Z,µg/m³,20,28,NA,NA
Sheffield Devonshire Green - UKA00575,2024-02-21T00:18:00Z,µg/m³,22,28,NA,NA
Sheffield Devonshire Green - UKA00575,2024-02-21T00:21:00Z,µg/m³,33,12,NA,NA
Sheffield Devonshire Green - UKA00575,2024-02-21T00:22:00Z,µg/m³,32,12,NA,NA
Sheffield Devonshire Green - UKA00575,2024-02-21T00:23:00Z,µg/m³,28,14,NA,NA
Sheffield Devonshire Green - UKA00575,2024-03-21T00:07:00Z,µg/m³,8,37,NA,NA
Sheffield Devonshire Green - UKA00575,2024-03-21T00:10:00Z,µg/m³,8,40,NA,NA
Sheffield Devonshire Green - UKA00575,2024-03-21T00:11:00Z,µg/m³,9,40,NA,NA
Sheffield Devonshire Green - UKA00575,2024-03-21T00:12:00Z,µg/m³,16,35,NA,NA
Sheffield Devonshire Green - UKA00575,2024-03-21T00:13:00Z,µg/m³,16,38,NA,NA
Sheffield Devonshire Green - UKA00575,2024-03-21T00:14:00Z,µg/m³,21,33,NA,NA
Sheffield Devonshire Green - UKA00575,2024-03-21T00:18:00Z,µg/m³,24,48,NA,NA
Sheffield Devonshire Green - UKA00575,2024-04-21T00:01:00Z,µg/m³,25,34,NA,NA
Sheffield Devonshire Green - UKA00575,2024-04-21T00:04:00Z,µg/m³,7,42,NA,NA
Sheffield Devonshire Green - UKA00575,2024-04-21T00:06:00Z,µg/m³,6,48,NA,NA
Sheffield Devonshire Green - UKA00575,2024-04-21T00:09:00Z,µg/m³,34,20,NA,NA
Sheffield Devonshire Green - UKA00575,2024-04-21T00:18:00Z,µg/m³,31,21,NA,NA
Sheffield Devonshire Green - UKA00575,2024-04-21T00:19:00Z,µg/m³,34,17,NA,NA
Sheffield Devonshire Green - UKA00575,2024-04-21T00:23:00Z,µg/m³,25,17,NA,NA
Sheffield Devonshire Green - UKA00575,2024-05-21T00:00:00Z,µg/m³,22,19,NA,NA
Sheffield Devonshire Green - UKA00575,2024-05-21T00:02:00Z,µg/m³,21,18,NA,NA
Sheffield Devonshire Green - UKA00575,2024-05-21T00:06:00Z,µg/m³,10,28,NA,NA
Sheffield Devonshire Green - UKA00575,2024-05-21T00:09:00Z,µg/m³,26,12,NA,NA
Sheffield Devonshire Green - UKA00575,2024-05-21T00:19:00Z,µg/m³,29,8,NA,NA
Sheffield Devonshire Green - UKA00575,2024-05-21T00:20:00Z,µg/m³,29,16,NA,NA
Sheffield Devonshire Green - UKA00575,2024-05-21T00:22:00Z,µg/m³,29,19,NA,NA
Sheffield Devonshire Green - UKA00575,2024-05-21T00:23:00Z,µg/m³,26,11,NA,NA
Sheffield Devonshire Green - UKA00575,2024-06-21T00:06:00Z,µg/m³,20,5,NA,NA
Sheffield Devonshire Green - UKA00575,2024-06-21T00:07:00Z,µg/m³,21,4,NA,NA
Sheffield Devonshire Green - UKA00575,2024-06-21T00:09:00Z,µg/m³,32,2,NA,NA
Sheffield Devonshire Green - UKA00575,2024-06-21T00:10:00Z,µg/m³,42,3,NA,NA
Sheffield Devonshire Green - UKA00575,2024-06-21T00:12:00Z,µg/m³,36,10,NA,NA
Sheffield Devonshire Green - UKA00575,2024-06-21T00:13:00Z,µg/m³,24,24,NA,NA
Sheffield Devonshire Green - UKA00575,2024-06-21T00:15:00Z,µg/m³,30,22,NA,NA
Sheffield Devonshire Green - UKA00575,2024-06-21T00:16:00Z,µg/m³,20,32,NA,NA
Sheffield Devonshire Green - UKA00575,2024-06-21T00:19:00Z,µg/m³,22,29,NA,NA
Sheffield Devonshire Green - UKA00575,2024-06-21T00:20:00Z,µg/m³,21,32,NA,NA
Sheffield Devonshire Green - UKA00575,2024-07-21T00:06:00Z,µg/m³,8,36,NA,NA
Sheffield Devonshire Green - UKA00575,2024-07-21T00:07:00Z,µg/m³,8,36,NA,NA
Sheffield Devonshire Green - UKA00575,2024-07-21T00:10:00Z,µg/m³,25,17,NA,NA
Sheffield Devonshire Green - UKA00575,2024-07-21T00:12:00Z,µg/m³,22,26,NA,NA
Sheffield Devonshire Green - UKA00575,2024-07-21T00:13:00Z,µg/m³,24,26,NA,NA
Sheffield Devonshire Green - UKA00575,2024-07-21T00:17:00Z,µg/m³,33,19,NA,NA
Sheffield Devonshire Green - UKA00575,2024-07-21T00:18:00Z,µg/m³,28,28,NA,NA
Sheffield Devonshire Green - UKA00575,2024-08-21T00:03:00Z,µg/m³,19,21,NA,NA
Sheffield Devonshire Green - UKA00575,2024-08-21T00:04:00Z,µg/m³,17,23,NA,NA
Sheffield Devonshire Green - UKA00575,2024-08-21T00:13:00Z,µg/m³,25,24,NA,NA
Sheffield Devonshire Green - UKA00575,2024-08-21T00:14:00Z,µg/m³,30,24,NA,NA
Sheffield Devonshire Green - UKA00575,2024-08-21T00:20:00Z,µg/m³,34,22,NA,NA
Sheffield Devonshire Green - UKA00575,2024-08-21T00:21:00Z,µg/m³,26,28,NA,NA
Sheffield Devonshire Green - UKA00575,2024-08-21T00:22:00Z,µg/m³,26,27,NA,NA
Sheffield Devonshire Green - UKA00575,2024-08-21T00:23:00Z,µg/m³,24,30,NA,NA
Sheffield Devonshire Green - UKA00575,2024-09-21T00:08:00Z,µg/m³,14,36,NA,NA
Sheffield Devonshire Green - UKA00575,2024-09-21T00:21:00Z,µg/m³,24,26,NA,NA
Sheffield Devonshire Green - UKA00575,2024-09-21T00:22:00Z,µg/m³,21,28,NA,NA
Sheffield Devonshire Green - UKA00575,2024-10-21T00:04:00Z,µg/m³,21,20,NA,NA
Sheffield Devonshire Green - UKA00575,2024-10-21T00:06:00Z,µg/m³,16,21,NA,NA
Sheffield Devonshire Green - UKA00575,2024-10-21T00:07:00Z,µg/m³,20,15,NA,NA
Sheffield Devonshire Green - UKA00575,2024-10-21T00:09:00Z,µg/m³,23,8,NA,NA
Sheffield Devonshire Green - UKA00575,2024-10-21T00:10:00Z,µg/m³,24,8,NA,NA
Sheffield Devonshire Green - UKA00575,2024-10-21T00:11:00Z,µg/m³,25,8,NA,NA
Sheffield Devonshire Green - UKA00575,2024-10-21T00:14:00Z,µg/m³,16,20,NA,NA
Sheffield Devonshire Green - UKA00575,2024-10-21T00:15:00Z,µg/m³,15,20,NA,NA
Sheffield Devonshire Green - UKA00575,2024-10-21T00:21:00Z,µg/m³,36,12,NA,NA
Sheffield Devonshire Green - UKA00575,2024-10-21T00:22:00Z,µg/m³,18,34,NA,NA
Sheffield Devonshire Green - UKA00575,2024-10-21T00:23:00Z,µg/m³,10,50,NA,NA
Sheffield Devonshire Green - UKA00575,2024-11-21T00:03:00Z,µg/m³,4,57,NA,NA
Sheffield Devonshire Green - UKA00575,2024-11-21T00:05:00Z,µg/m³,6,48,NA,NA
Sheffield Devonshire Green - UKA00575,2024-11-21T00:06:00Z,µg/m³,3,52,NA,NA
Sheffield Devonshire Green - UKA00575,2024-11-21T00:11:00Z,µg/m³,17,44,NA,NA
Sheffield Devonshire Green - UKA00575,2024-11-21T00:13:00Z,µg/m³,9,57,NA,NA
Sheffield Devonshire Green - UKA00575,2024-11-21T00:14:00Z,µg/m³,12,53,NA,NA
Sheffield Devonshire Green - UKA00575,2024-11-21T00:16:00Z,µg/m³,13,49,NA,NA
Sheffield Devonshire Green - UKA00575,2024-11-21T00:20:00Z,µg/m³,32,19,NA,NA
Sheffield Devonshire Green - UKA00575,2024-11-21T00:21:00Z,µg/m³,36,15,NA,NA
Sheffield Devonshire Green - UKA00575,2024-12-21T00:00:00Z,µg/m³,16,37,NA,NA
Sheffield Devonshire Green - UKA00575,2024-12-21T00:01:00Z,µg/m³,13,41,NA,NA
Sheffield Devonshire Green - UKA00575,2024-12-21T00:06:00Z,µg/m³,8,48,NA,NA
Sheffield Devonshire Green - UKA00575,2024-01-21T00:00:00Z,µg/m³,13,44,NA,NA
Sheffield Devonshire Green - UKA00575,2024-01-21T00:01:00Z,µg/m³,12,44,NA,NA
Sheffield Devonshire Green - UKA00575,2024-01-21T00:03:00Z,µg/m³,10,47,NA,NA
Sheffield Devonshire Green - UKA00575,2024-01-21T00:04:00Z,µg/m³,10,45,NA,NA
Sheffield Devonshire Green - UKA00575,2024-01-21T00:05:00Z,µg/m³,11,47,NA,NA
Sheffield Devonshire Green - UKA00575,2024-01-21T00:06:00Z,µg/m³,8,49,NA,NA
Sheffield Devonshire Green - UKA00575,2024-01-21T00:09:00Z,µg/m³,8,44,NA,NA
Sheffield Devonshire Green - UKA00575,2024-01-21T00:12:00Z,µg/m³,14,28,NA,NA
Sheffield Devonshire Green - UKA00575,2024-02-21T00:05:00Z,µg/m³,6,53,NA,NA
Sheffield Devonshire Green - UKA00575,2024-02-21T00:12:00Z,µg/m³,14,48,NA,NA
Sheffield Devonshire Green - UKA00575,2024-02-21T00:14:00Z,µg/m³,14,50,NA,NA
Sheffield Devonshire Green - UKA00575,2024-02-21T00:15:00Z,µg/m³,16,47,NA,NA
Sheffield Devonshire Green - UKA00575,2024-02-21T00:18:00Z,µg/m³,22,40,NA,NA
Sheffield Devonshire Green - UKA00575,2024-03-21T00:01:00Z,µg/m³,13,41,NA,NA
Sheffield Devonshire Green - UKA00575,2024-03-21T00:05:00Z,µg/m³,7,43,NA,NA
Sheffield Devonshire Green - UKA00575,2024-03-21T00:09:00Z,µg/m³,43,0,NA,NA
Sheffield Devonshire Green - UKA00575,2024-03-21T00:12:00Z,µg/m³,52,8,NA,NA
Sheffield Devonshire Green - UKA00575,2024-03-21T00:14:00Z,µg/m³,30,37,NA,NA
Sheffield Devonshire Green - UKA00575,2024-03-21T00:17:00Z,µg/m³,44,17,NA,NA
Sheffield Devonshire Green - UKA00575,2024-03-21T00:18:00Z,µg/m³,59,3,NA,NA
Sheffield Devonshire Green - UKA00575,2024-03-21T00:20:00Z,µg/m³,47,6,NA,NA
Sheffield Devonshire Green - UKA00575,2024-03-21T00:23:00Z,µg/m³,33,12,NA,NA
Sheffield Devonshire Green - UKA00575,2024-04-21T00:00:00Z,µg/m³,31,14,NA,NA
Sheffield Devonshire Green - UKA00575,2024-04-21T00:04:00Z,µg/m³,11,37,NA,NA
Sheffield Devonshire Green - UKA00575,2024-04-21T00:22:00Z,µg/m³,19,37,NA,NA
Sheffield Devonshire Green - UKA00575,2024-05-21T00:01:00Z,µg/m³,9,54,NA,NA
Sheffield Devonshire Green - UKA00575,2024-05-21T00:03:00Z,µg/m³,9,52,NA,NA
Sheffield Devonshire Green - UKA00575,2024-05-21T00:05:00Z,µg/m³,8,57,NA,NA
Sheffield Devonshire Green - UKA00575,2024-05-21T00:07:00Z,µg/m³,7,56,NA,NA
Sheffield Devonshire Green - UKA00575,2024-05-21T00:11:00Z,µg/m³,26,49,NA,NA
Sheffield Devonshire Green - UKA00575,2024-05-21T00:12:00Z,µg/m³,18,56,NA,NA
Sheffield Devonshire Green - UKA00575,2024-05-21T00:13:00Z,µg/m³,29,42,NA,NA
Sheffield Devonshire Green - UKA00575,2024-05-21T00:14:00Z,µg/m³,16,53,NA,NA
Sheffield Devonshire Green - UKA00575,2024-05-21T00:19:00Z,µg/m³,12,63,NA,NA
Sheffield Devonshire Green - UKA00575,2024-05-21T00:21:00Z,µg/m³,10,70,NA,NA
Sheffield Devonshire Green - UKA00575,2024-05-21T00:22:00Z,µg/m³,7,71,NA,NA
Sheffield Devonshire Green - UKA00575,2024-05-21T00:23:00Z,µg/m³,7,71,NA,NA
Sheffield Devonshire Green - UKA00575,2024-06-21T00:00:00Z,µg/m³,6,68,NA,NA
Sheffield Devonshire Green - UKA00575,2024-06-21T00:01:00Z,µg/m³,5,68,NA,NA
Sheffield Devonshire Green - UKA00575,2024-06-21T00:08:00Z,µg/m³,6,60,NA,NA
Sheffield Devonshire Green - UKA00575,2024-06-21T00:09:00Z,µg/m³,9,56,NA,NA
Sheffield Devonshire Green - UKA00575,2024-06-21T00:10:00Z,µg/m³,14,54,NA,NA
Sheffield Devonshire Green - UKA00575,2024-06-21T00:12:00Z,µg/m³,16,47,NA,NA
Sheffield Devonshire Green - UKA00575,2024-06-21T00:13:00Z,µg/m³,16,46,NA,NA
Sheffield Devonshire Green - UKA00575,2024-06-21T00:14:00Z,µg/m³,23,36,NA,NA
Sheffield Devonshire Green - UKA00575,2024-06-21T00:15:00Z,µg/m³,23,32,NA,NA
Sheffield Devonshire Green - UKA00575,2024-06-21T00:18:00Z,µg/m³,43,14,NA,NA
Sheffield Devonshire Green - UKA00575,2024-06-21T00:19:00Z,µg/m³,41,16,NA,NA
Sheffield Devonshire Green - UKA00575,2024-06-21T00:20:00Z,µg/m³,34,22,NA,NA
Sheffield Devonshire Green - UKA00575,2024-06-21T00:21:00Z,µg/m³,26,32,NA,NA
Sheffield Devonshire Green - UKA00575,2024-06-21T00:22:00Z,µg/m³,21,38,NA,NA
Sheffield Devonshire Green - UKA00575,2024-07-21T00:02:00Z,µg/m³,8,57,NA,NA
Sheffield Devonshire Green - UKA00575,2024-07-21T00:03:00Z,µg/m³,6,64,NA,NA
Sheffield Devonshire Green - UKA00575,2024-07-21T00:06:00Z,µg/m³,6,56,NA,NA
Sheffield Devonshire Green - UKA00575,2024-07-21T00:09:00Z,µg/m³,9,42,NA,NA
Sheffield Devonshire Green - UKA00575,2024-07-21T00:11:00Z,µg/m³,11,36,NA,NA
Sheffield Devonshire Green - UKA00575,2024-07-21T00:12:00Z,µg/m³,8,36,NA,NA
Sheffield Devonshire Green - UKA00575,2024-07-21T00:13:00Z,µg/m³,7,52,NA,NA
Sheffield Devonshire Green - UKA00575,2024-07-21T00:17:00Z,µg/m³,5,64,NA,NA
Sheffield Devonshire Green - UKA00575,2024-07-21T00:18:00Z,µg/m³,6,65,NA,NA
Sheffield Devonshire Green - UKA00575,2024-07-21T00:19:00Z,µg/m³,6,66,NA,NA
Sheffield Devonshire Green - UKA00575,2024-07-21T00:20:00Z,µg/m³,5,65,NA,NA
Sheffield Devonshire Green - UKA00575,2024-07-21T00:22:00Z,µg/m³,5,62,NA,NA
Sheffield Devonshire Green - UKA00575,2024-08-21T00:00:00Z,µg/m³,5,56,NA,NA
Sheffield Devonshire Green - UKA00575,2024-08-21T00:01:00Z,µg/m³,6,50,NA,NA
Sheffield Devonshire Green - UKA00575,2024-08-21T00:03:00Z,µg/m³,5,52,NA,NA
Sheffield Devonshire Green - UKA00575,2024-08-21T00:05:00Z,µg/m³,4,64,NA,NA
Sheffield Devonshire Green - UKA00575,2024-08-21T00:08:00Z,µg/m³,2,65,NA,NA
Sheffield Devonshire Green - UKA00575,2024-08-21T00:09:00Z,µg/m³,3,63,NA,NA
Sheffield Devonshire Green - UKA00575,2024-08-21T00:11:00Z,µg/m³,4,57,NA,NA
Sheffield Devonshire Green - UKA00575,2024-08-21T00:16:00Z,µg/m³,8,47,NA,NA
Sheffield Devonshire Green - UKA00575,2024-08-21T00:18:00Z,µg/m³,9,35,NA,NA
Sheffield Devonshire Green - UKA00575,2024-08-21T00:19:00Z,µg/m³,10,29,NA,NA
Sheffield Devonshire Green - UKA00575,2024-08-21T00:20:00Z,µg/m³,11,28,NA,NA
Sheffield Devonshire Green - UKA00575,2024-08-21T00:21:00Z,µg/m³,9,29,NA,NA
Sheffield Devonshire Green - UKA00575,2024-09-21T00:01:00Z,µg/m³,7,39,NA,NA
Sheffield Devonshire Green - UKA00575,2024-09-21T00:05:00Z,µg/m³,6,42,NA,NA
Sheffield Devonshire Green - UKA00575,2024-09-21T00:06:00Z,µg/m³,6,42,NA,NA
Sheffield Devonshire Green - UKA00575,2024-09-21T00:12:00Z,µg/m³,17,42,NA,NA
Sheffield Devonshire Green - UKA00575,2024-09-21T00:13:00Z,µg/m³,15,46,NA,NA
Sheffield Devonshire Green - UKA00575,2024-09-21T00:14:00Z,µg/m³,13,49,NA,NA
Sheffield Devonshire Green - UKA00575,2024-09-21T00:15:00Z,µg/m³,13,48,NA,NA
Sheffield Devonshire Green - UKA00575,2024-09-21T00:16:00Z,µg/m³,16,45,NA,NA
Sheffield Devonshire Green - UKA00575,2024-09-21T00:17:00Z,µg/m³,20,40,NA,NA
Sheffield Devonshire Green - UKA00575,2024-09-21T00:18:00Z,µg/m³,20,40,NA,NA
Sheffield Devonshire Green - UKA00575,2024-09-21T00:19:00Z,µg/m³,18,41,NA,NA
Sheffield Devonshire Green - UKA00575,2024-09-21T00:20:00Z,µg/m³,14,47,NA,NA
Sheffield Devonshire Green - UKA00575,2024-09-21T00:21:00Z,µg/m³,15,44,NA,NA
Sheffield Devonshire Green - UKA00575,2024-10-21T00:01:00Z,µg/m³,7,55,NA,NA
Sheffield Devonshire Green - UKA00575,2024-10-21T00:03:00Z,µg/m³,7,57,NA,NA
Sheffield Devonshire Green - UKA00575,2024-10-21T00:04:00Z,µg/m³,6,58,NA,NA
Sheffield Devonshire Green - UKA00575,2024-10-21T00:05:00Z,µg/m³,7,58,NA,NA
Sheffield Devonshire Green - UKA00575,2024-10-21T00:06:00Z,µg/m³,8,57,NA,NA
Sheffield Devonshire Green - UKA00575,2024-10-21T00:10:00Z,µg/m³,20,49,NA,NA
Sheffield Devonshire Green - UKA00575,2024-10-21T00:11:00Z,µg/m³,20,50,NA,NA
Sheffield Devonshire Green - UKA00575,2024-10-21T00:13:00Z,µg/m³,16,55,NA,NA
Sheffield Devonshire Green - UKA00575,2024-10-21T00:14:00Z,µg/m³,16,54,NA,NA
Sheffield Devonshire Green - UKA00575,2024-10-21T00:15:00Z,µg/m³,16,53,NA,NA
Sheffield Devonshire Green - UKA00575,2024-10-21T00:16:00Z,µg/m³,16,54,NA,NA
Sheffield Devonshire Green - UKA00575,2024-10-21T00:18:00Z,µg/m³,21,49,NA,NA
Sheffield Devonshire Green - UKA00575,2024-10-21T00:19:00Z,µg/m³,22,48,NA,NA
Sheffield Devonshire Green - UKA00575,2024-10-21T00:20:00Z,µg/m³,22,45,NA,NA
Sheffield Devonshire Green - UKA00575,2024-10-21T00:22:00Z,µg/m³,13,55,NA,NA
Sheffield Devonshire Green - UKA00575,2024-10-21T00:23:00Z,µg/m³,11,59,NA,NA
Sheffield Devonshire Green - UKA00575,2024-11-21T00:00:00Z,µg/m³,11,58,NA,NA
Sheffield Devonshire Green - UKA00575,2024-11-21T00:06:00Z,µg/m³,5,66,NA,NA
Sheffield Devonshire Green - UKA00575,2024-11-21T00:10:00Z,µg/m³,29,43,NA,NA
Sheffield Devonshire Green - UKA00575,2024-11-21T00:11:00Z,µg/m³,39,36,NA,NA
Sheffield Devonshire Green - UKA00575,2024-11-21T00:14:00Z,µg/m³,33,43,NA,NA
Sheffield Devonshire Green - UKA00575,2024-11-21T00:17:00Z,µg/m³,29,42,NA,NA
Sheffield Devonshire Green - UKA00575,2024-11-21T00:22:00Z,µg/m³,21,41,NA,NA
Sheffield Devonshire Green - UKA00575,2024-11-21T00:23:00Z,µg/m³,17,45,NA,NA
Sheffield Devonshire Green - UKA00575,2024-12-21T00:00:00Z,µg/m³,20,41,NA,NA
Sheffield Devonshire Green - UKA00575,2024-12-21T00:01:00Z,µg/m³,20,37,NA,NA
Sheffield Devonshire Green - UKA00575,2024-12-21T00:02:00Z,µg/m³,17,40,NA,NA
Sheffield Devonshire Green - UKA00575,2024-12-21T00:06:00Z,µg/m³,12,37,NA,NA
Sheffield Devonshire Green - UKA00575,2024-12-21T00:12:00Z,µg/m³,41,9,NA,NA
Sheffield Devonshire Green - UKA00575,2024-12-21T00:15:00Z,µg/m³,40,15,NA,NA
Sheffield Devonshire Green - UKA00575,2024-12-21T00:19:00Z,µg/m³,48,8,NA,NA
Sheffield Devonshire Green - UKA00575,2024-12-21T00:20:00Z,µg/m³,45,10,NA,NA
Sheffield Devonshire Green - UKA00575,2024-12-21T00:23:00Z,µg/m³,19,39,NA,NA
Sheffield Devonshire Green - UKA00575,NA,µg/m³,16.39344810295838,49.412098930481285,11.286771340913193,6.987005955603681
