location_name,datetimeLocal,unit,no2,o3,pm10,pm25,so2
Hull Freetown - UKA00450,2023-01-20T23:01:00Z,µg/m³,26,45,8,6,3
Hull Freetown - UKA00450,2023-01-20T23:02:00Z,µg/m³,13,47,8,6,3
Hull Freetown - UKA00450,2023-01-20T23:03:00Z,µg/m³,8,49,7,5,3
Hull Freetown - UKA00450,2023-01-20T23:04:00Z,µg/m³,11,53,7,5,4
Hull Freetown - UKA00450,2023-01-20T23:05:00Z,µg/m³,9,57,7,5,3
Hull Freetown - UKA00450,2023-01-20T23:06:00Z,µg/m³,5,61,7,5,3
Hull Freetown - UKA00450,2023-01-20T23:07:00Z,µg/m³,14,62,7,5,3
Hull Freetown - UKA00450,2023-01-20T23:08:00Z,µg/m³,19,63,7,5,3
Hull Freetown - UKA00450,2023-01-20T23:09:00Z,µg/m³,14,65,7,5,3
Hull Freetown - UKA00450,2023-01-20T23:10:00Z,µg/m³,13,65,8,5,2
Hull Freetown - UKA00450,2023-01-20T23:11:00Z,µg/m³,14,65,8,5,2
Hull Freetown - UKA00450,2023-01-20T23:12:00Z,µg/m³,14,65,8,5,2
Hull Freetown - UKA00450,2023-01-20T23:13:00Z,µg/m³,17,64,8,5,2
Hull Freetown - UKA00450,2023-01-20T23:14:00Z,µg/m³,11,63,8,5,2
Hull Freetown - UKA00450,2023-01-20T23:15:00Z,µg/m³,23,63,8,5,3
Hull Freetown - UKA00450,2023-01-20T23:16:00Z,µg/m³,24,62,8,5,3
Hull Freetown - UKA00450,2023-01-20T23:17:00Z,µg/m³,18,61,8,5,3
Hull Freetown - UKA00450,2023-01-20T23:18:00Z,µg/m³,18,60,8,5,3
Hull Freetown - UKA00450,2023-01-20T23:19:00Z,µg/m³,25,57,8,5,2
Hull Freetown - UKA00450,2023-01-20T23:20:00Z,µg/m³,11,57,9,5,3
Hull Freetown - UKA00450,2023-01-20T23:21:00Z,µg/m³,10,56,9,5,3
Hull Freetown - UKA00450,2023-01-20T23:22:00Z,µg/m³,17,53,10,6,2
Hull Freetown - UKA00450,2023-01-20T23:23:00Z,µg/m³,17,53,10,6,2
Hull Freetown - UKA00450,2023-02-20T23:00:00Z,µg/m³,14,54,10,6,2
Hull Freetown - UKA00450,2023-02-20T23:01:00Z,µg/m³,7,55,10,5,2
Hull Freetown - UKA00450,2023-02-20T23:02:00Z,µg/m³,15,55,10,5,2
Hull Freetown - UKA00450,2023-02-20T23:03:00Z,µg/m³,14,56,10,5,2
Hull Freetown - UKA00450,2023-02-20T23:04:00Z,µg/m³,17,54,10,6,2
Hull Freetown - UKA00450,2023-02-20T23:05:00Z,µg/m³,15,53,10,6,2
Hull Freetown - UKA00450,2023-02-20T23:06:00Z,µg/m³,17,52,10,6,2
Hull Freetown - UKA00450,2023-02-20T23:07:00Z,µg/m³,21,50,10,6,2
Hull Freetown - UKA00450,2023-02-20T23:08:00Z,µg/m³,13,49,10,6,2
Hull Freetown - UKA00450,2023-02-20T23:09:00Z,µg/m³,22,46,10,6,2
Hull Freetown - UKA00450,2023-02-20T23:10:00Z,µg/m³,17,44,10,6,3
Hull Freetown - UKA00450,2023-02-20T23:11:00Z,µg/m³,19,43,10,6,3
Hull Freetown - UKA00450,2023-02-20T23:12:00Z,µg/m³,12,45,9,6,3
Hull Freetown - UKA00450,2023-02-20T23:13:00Z,µg/m³,14,47,9,6,3
Hull Freetown - UKA00450,2023-02-20T23:14:00Z,µg/m³,14,48,9,6,3
Hull Freetown - UKA00450,2023-02-20T23:15:00Z,µg/m³,10,53,9,6,3
Hull Freetown - UKA00450,2023-02-20T23:16:00Z,µg/m³,28,53,9,5,2
Hull Freetown - UKA00450,2023-02-20T23:17:00Z,µg/m³,42,52,8,5,2
Hull Freetown - UKA00450,2023-02-20T23:18:00Z,µg/m³,68,49,8,5,3
Hull Freetown - UKA00450,2023-02-20T23:19:00Z,µg/m³,74,43,8,5,4
Hull Freetown - UKA00450,2023-02-20T23:20:00Z,µg/m³,71,36,8,5,4
Hull Freetown - UKA00450,2023-02-20T23:21:00Z,µg/m³,68,29,8,6,3
Hull Freetown - UKA00450,2023-02-20T23:22:00Z,µg/m³,53,23,8,6,3
Hull Freetown - UKA00450,2023-02-20T23:23:00Z,µg/m³,31,17,8,6,2
Hull Freetown - UKA00450,2023-03-20T23:00:00Z,µg/m³,41,12,9,6,3
Hull Freetown - UKA00450,2023-03-20T23:01:00Z,µg/m³,37,10,10,7,2
Hull Freetown - UKA00450,2023-03-20T23:02:00Z,µg/m³,21,12,10,7,2
Hull Freetown - UKA00450,2023-03-20T23:03:00Z,µg/m³,16,15,10,8,2
Hull Freetown - UKA00450,2023-03-20T23:04:00Z,µg/m³,10,20,11,8,2
Hull Freetown - UKA00450,2023-03-20T23:05:00Z,µg/m³,11,25,11,8,2
Hull Freetown - UKA00450,2023-03-20T23:06:00Z,µg/m³,20,28,11,8,3
Hull Freetown - UKA00450,2023-03-20T23:07:00Z,µg/m³,17,31,11,8,4
Hull Freetown - UKA00450,2023-03-20T23:08:00Z,µg/m³,21,34,11,8,3
Hull Freetown - UKA00450,2023-03-20T23:09:00Z,µg/m³,32,37,11,8,3
Hull Freetown - UKA00450,2023-03-20T23:10:00Z,µg/m³,18,39,11,8,2
Hull Freetown - UKA00450,2023-03-20T23:11:00Z,µg/m³,19,41,11,8,2
Hull Freetown - UKA00450,2023-03-20T23:12:00Z,µg/m³,20,41,11,9,2
Hull Freetown - UKA00450,2023-03-20T23:13:00Z,µg/m³,23,41,12,9,1
Hull Freetown - UKA00450,2023-03-20T23:14:00Z,µg/m³,19,42,12,9,1
Hull Freetown - UKA00450,2023-03-20T23:15:00Z,µg/m³,17,43,12,9,2
Hull Freetown - UKA00450,2023-03-20T23:16:00Z,µg/m³,17,45,12,9,2
Hull Freetown - UKA00450,2023-03-20T23:17:00Z,µg/m³,15,48,12,9,2
Hull Freetown - UKA00450,2023-03-20T23:18:00Z,µg/m³,13,50,11,9,3
Hull Freetown - UKA00450,2023-03-20T23:19:00Z,µg/m³,13,51,11,8,3
Hull Freetown - UKA00450,2023-03-20T23:20:00Z,µg/m³,13,53,11,8,3
Hull Freetown - UKA00450,2023-03-20T23:21:00Z,µg/m³,13,54,10,8,3
Hull Freetown - UKA00450,2023-03-20T23:22:00Z,µg/m³,10,58,9,7,2
Hull Freetown - UKA00450,2023-03-20T23:23:00Z,µg/m³,21,57,9,7,2
Hull Freetown - UKA00450,2023-04-20T23:00:00Z,µg/m³,9,58,8,6,2
Hull Freetown - UKA00450,2023-04-20T23:01:00Z,µg/m³,7,60,7,6,2
Hull Freetown - UKA00450,2023-04-20T23:02:00Z,µg/m³,7,61,7,5,2
Hull Freetown - UKA00450,2023-04-20T23:03:00Z,µg/m³,9,62,6,5,2
Hull Freetown - UKA00450,2023-04-20T23:04:00Z,µg/m³,4,64,6,4,3
Hull Freetown - UKA00450,2023-04-20T23:05:00Z,µg/m³,5,64,6,4,2
Hull Freetown - UKA00450,2023-04-20T23:06:00Z,µg/m³,8,64,5,4,2
Hull Freetown - UKA00450,2023-04-20T23:07:00Z,µg/m³,13,65,5,4,2
Hull Freetown - UKA00450,2023-04-20T23:08:00Z,µg/m³,17,64,5,4,1
Hull Freetown - UKA00450,2023-04-20T23:09:00Z,µg/m³,17,62,5,3,2
Hull Freetown - UKA00450,2023-04-20T23:10:00Z,µg/m³,13,60,5,3,2
Hull Freetown - UKA00450,2023-04-20T23:11:00Z,µg/m³,11,58,5,3,2
Hull Freetown - UKA00450,2023-04-20T23:12:00Z,µg/m³,11,56,5,3,2
Hull Freetown - UKA00450,2023-04-20T23:13:00Z,µg/m³,12,56,5,3,2
Hull Freetown - UKA00450,2023-04-20T23:14:00Z,µg/m³,13,56,5,3,2
Hull Freetown - UKA00450,2023-04-20T23:15:00Z,µg/m³,10,56,5,3,2
Hull Freetown - UKA00450,2023-04-20T23:16:00Z,µg/m³,14,57,6,3,2
Hull Freetown - UKA00450,2023-04-20T23:17:00Z,µg/m³,10,57,6,3,2
Hull Freetown - UKA00450,2023-04-20T23:18:00Z,µg/m³,14,57,6,3,2
Hull Freetown - UKA00450,2023-04-20T23:19:00Z,µg/m³,17,56,6,4,1
Hull Freetown - UKA00450,2023-04-20T23:20:00Z,µg/m³,14,55,6,4,1
Hull Freetown - UKA00450,2023-04-20T23:21:00Z,µg/m³,16,53,7,4,1
Hull Freetown - UKA00450,2023-04-20T23:22:00Z,µg/m³,12,52,7,4,1
Hull Freetown - UKA00450,2023-04-20T23:23:00Z,µg/m³,13,51,7,4,1
Hull Freetown - UKA00450,2023-05-20T23:00:00Z,µg/m³,8,50,7,4,1
Hull Freetown - UKA00450,2023-05-20T23:01:00Z,µg/m³,5,50,7,4,1
Hull Freetown - UKA00450,2023-05-20T23:02:00Z,µg/m³,7,51,7,4,2
Hull Freetown - UKA00450,2023-05-20T23:03:00Z,µg/m³,6,52,8,4,1
Hull Freetown - UKA00450,2023-05-20T23:04:00Z,µg/m³,4,54,8,4,1
Hull Freetown - UKA00450,2023-05-20T23:05:00Z,µg/m³,8,56,8,5,1
Hull Freetown - UKA00450,2023-05-20T23:06:00Z,µg/m³,20,55,8,5,1
Hull Freetown - UKA00450,2023-05-20T23:07:00Z,µg/m³,23,54,8,5,1
Hull Freetown - UKA00450,2023-05-20T23:08:00Z,µg/m³,43,50,8,5,1
Hull Freetown - UKA00450,2023-05-20T23:09:00Z,µg/m³,41,45,8,5,2
Hull Freetown - UKA00450,2023-05-20T23:10:00Z,µg/m³,41,40,9,5,2
Hull Freetown - UKA00450,2023-05-20T23:11:00Z,µg/m³,37,35,9,5,3
Hull Freetown - UKA00450,2023-05-20T23:12:00Z,µg/m³,31,30,9,5,2
Hull Freetown - UKA00450,2023-05-20T23:13:00Z,µg/m³,35,26,10,6,2
Hull Freetown - UKA00450,2023-05-20T23:14:00Z,µg/m³,36,23,10,6,2
Hull Freetown - UKA00450,2023-05-20T23:15:00Z,µg/m³,38,22,10,6,2
Hull Freetown - UKA00450,2023-05-20T23:16:00Z,µg/m³,30,23,10,6,2
Hull Freetown - UKA00450,2023-05-20T23:17:00Z,µg/m³,30,26,10,6,2
Hull Freetown - UKA00450,2023-05-20T23:18:00Z,µg/m³,28,29,10,6,2
Hull Freetown - UKA00450,2023-05-20T23:19:00Z,µg/m³,20,33,10,6,1
Hull Freetown - UKA00450,2023-05-20T23:20:00Z,µg/m³,14,37,10,6,1
Hull Freetown - UKA00450,2023-05-20T23:21:00Z,µg/m³,12,41,10,6,1
Hull Freetown - UKA00450,2023-05-20T23:22:00Z,µg/m³,11,45,9,6,1
Hull Freetown - UKA00450,2023-05-20T23:23:00Z,µg/m³,8,50,9,5,1
Hull Freetown - UKA00450,2023-06-20T23:00:00Z,µg/m³,8,54,9,5,2
Hull Freetown - UKA00450,2023-06-20T23:01:00Z,µg/m³,6,59,9,5,2
Hull Freetown - UKA00450,2023-06-20T23:02:00Z,µg/m³,7,64,9,5,2
Hull Freetown - UKA00450,2023-06-20T23:03:00Z,µg/m³,7,67,9,5,1
Hull Freetown - UKA00450,2023-06-20T23:04:00Z,µg/m³,7,69,9,5,1
Hull Freetown - UKA00450,2023-06-20T23:05:00Z,µg/m³,7,71,9,5,1
Hull Freetown - UKA00450,2023-06-20T23:06:00Z,µg/m³,18,70,9,5,2
Hull Freetown - UKA00450,2023-06-20T23:07:00Z,µg/m³,29,68,9,5,2
Hull Freetown - UKA00450,2023-06-20T23:08:00Z,µg/m³,30,65,9,5,2
Hull Freetown - UKA00450,2023-06-20T23:09:00Z,µg/m³,39,60,9,5,2
Hull Freetown - UKA00450,2023-06-20T23:10:00Z,µg/m³,33,55,9,5,3
Hull Freetown - UKA00450,2023-06-20T23:11:00Z,µg/m³,44,49,9,5,3
Hull Freetown - UKA00450,2023-06-20T23:12:00Z,µg/m³,30,46,9,5,3
Hull Freetown - UKA00450,2023-06-20T23:13:00Z,µg/m³,34,42,8,5,3
Hull Freetown - UKA00450,2023-06-20T23:14:00Z,µg/m³,28,41,8,4,3
Hull Freetown - UKA00450,2023-06-20T23:15:00Z,µg/m³,31,41,8,4,3
Hull Freetown - UKA00450,2023-06-20T23:16:00Z,µg/m³,29,41,8,4,2
Hull Freetown - UKA00450,2023-06-20T23:17:00Z,µg/m³,28,43,8,4,2
Hull Freetown - UKA00450,2023-06-20T23:18:00Z,µg/m³,15,45,8,4,2
Hull Freetown - UKA00450,2023-06-20T23:19:00Z,µg/m³,18,48,8,4,2
Hull Freetown - UKA00450,2023-06-20T23:20:00Z,µg/m³,15,50,8,4,2
Hull Freetown - UKA00450,2023-06-20T23:21:00Z,µg/m³,12,52,8,4,3
Hull Freetown - UKA00450,2023-06-20T23:22:00Z,µg/m³,12,53,8,4,2
Hull Freetown - UKA00450,2023-06-20T23:23:00Z,µg/m³,14,54,8,5,2
Hull Freetown - UKA00450,2023-07-20T23:00:00Z,µg/m³,10,56,8,5,2
Hull Freetown - UKA00450,2023-07-20T23:01:00Z,µg/m³,10,58,8,5,2
Hull Freetown - UKA00450,2023-07-20T23:02:00Z,µg/m³,7,59,9,5,2
Hull Freetown - UKA00450,2023-07-20T23:03:00Z,µg/m³,6,60,9,5,2
Hull Freetown - UKA00450,2023-07-20T23:04:00Z,µg/m³,5,61,9,5,2
Hull Freetown - UKA00450,2023-07-20T23:05:00Z,µg/m³,6,62,9,5,1
Hull Freetown - UKA00450,2023-07-20T23:06:00Z,µg/m³,6,64,8,5,1
Hull Freetown - UKA00450,2023-07-20T23:07:00Z,µg/m³,5,66,8,5,2
Hull Freetown - UKA00450,2023-07-20T23:08:00Z,µg/m³,5,68,8,4,3
Hull Freetown - UKA00450,2023-07-20T23:09:00Z,µg/m³,5,68,8,4,3
Hull Freetown - UKA00450,2023-07-20T23:10:00Z,µg/m³,6,68,7,4,3
Hull Freetown - UKA00450,2023-07-20T23:11:00Z,µg/m³,8,67,7,4,3
Hull Freetown - UKA00450,2023-07-20T23:12:00Z,µg/m³,9,66,7,4,3
Hull Freetown - UKA00450,2023-07-20T23:13:00Z,µg/m³,10,65,6,4,3
Hull Freetown - UKA00450,2023-07-20T23:14:00Z,µg/m³,12,63,6,4,3
Hull Freetown - UKA00450,2023-07-20T23:15:00Z,µg/m³,14,62,5,4,3
Hull Freetown - UKA00450,2023-07-20T23:16:00Z,µg/m³,12,61,5,3,3
Hull Freetown - UKA00450,2023-07-20T23:17:00Z,µg/m³,13,61,5,3,3
Hull Freetown - UKA00450,2023-07-20T23:18:00Z,µg/m³,17,60,5,3,3
Hull Freetown - UKA00450,2023-07-20T23:19:00Z,µg/m³,14,60,5,3,3
Hull Freetown - UKA00450,2023-07-20T23:20:00Z,µg/m³,20,60,5,3,3
Hull Freetown - UKA00450,2023-07-20T23:21:00Z,µg/m³,19,61,5,3,3
Hull Freetown - UKA00450,2023-07-20T23:22:00Z,µg/m³,10,63,5,3,3
Hull Freetown - UKA00450,2023-07-20T23:23:00Z,µg/m³,9,65,5,3,3
Hull Freetown - UKA00450,2023-08-20T23:00:00Z,µg/m³,9,66,5,3,3
Hull Freetown - UKA00450,2023-08-20T23:01:00Z,µg/m³,7,66,5,3,3
Hull Freetown - UKA00450,2023-08-20T23:02:00Z,µg/m³,6,68,5,3,3
Hull Freetown - UKA00450,2023-08-20T23:03:00Z,µg/m³,6,69,6,3,3
Hull Freetown - UKA00450,2023-08-20T23:04:00Z,µg/m³,6,69,6,4,2
Hull Freetown - UKA00450,2023-08-20T23:05:00Z,µg/m³,7,69,6,4,2
Hull Freetown - UKA00450,2023-08-20T23:06:00Z,µg/m³,8,68,7,4,3
Hull Freetown - UKA00450,2023-08-20T23:07:00Z,µg/m³,8,68,7,4,2
Hull Freetown - UKA00450,2023-08-20T23:08:00Z,µg/m³,11,67,7,4,2
Hull Freetown - UKA00450,2023-08-20T23:09:00Z,µg/m³,8,66,7,4,2
Hull Freetown - UKA00450,2023-08-20T23:10:00Z,µg/m³,10,65,7,4,2
Hull Freetown - UKA00450,2023-08-20T23:11:00Z,µg/m³,10,65,7,4,3
Hull Freetown - UKA00450,2023-08-20T23:12:00Z,µg/m³,8,65,7,4,3
Hull Freetown - UKA00450,2023-08-20T23:13:00Z,µg/m³,9,65,7,4,3
Hull Freetown - UKA00450,2023-08-20T23:14:00Z,µg/m³,9,65,8,4,3
Hull Freetown - UKA00450,2023-08-20T23:15:00Z,µg/m³,15,65,8,4,3
Hull Freetown - UKA00450,2023-08-20T23:16:00Z,µg/m³,17,65,8,4,3
Hull Freetown - UKA00450,2023-08-20T23:17:00Z,µg/m³,21,64,8,4,3
Hull Freetown - UKA00450,2023-08-20T23:18:00Z,µg/m³,22,62,8,4,3
Hull Freetown - UKA00450,2023-08-20T23:19:00Z,µg/m³,27,60,8,4,3
Hull Freetown - UKA00450,2023-08-20T23:20:00Z,µg/m³,42,56,8,4,3
Hull Freetown - UKA00450,2023-08-20T23:21:00Z,µg/m³,23,53,8,5,3
Hull Freetown - UKA00450,2023-08-20T23:22:00Z,µg/m³,21,51,8,5,2
Hull Freetown - UKA00450,2023-08-20T23:23:00Z,µg/m³,25,49,8,5,3
Hull Freetown - UKA00450,2023-09-20T23:00:00Z,µg/m³,27,47,8,5,3
Hull Freetown - UKA00450,2023-09-20T23:01:00Z,µg/m³,18,46,8,5,3
Hull Freetown - UKA00450,2023-09-20T23:02:00Z,µg/m³,15,46,8,5,3
Hull Freetown - UKA00450,2023-09-20T23:03:00Z,µg/m³,23,45,8,5,3
Hull Freetown - UKA00450,2023-09-20T23:04:00Z,µg/m³,19,47,8,5,3
Hull Freetown - UKA00450,2023-09-20T23:05:00Z,µg/m³,23,46,8,5,3
Hull Freetown - UKA00450,2023-09-20T23:06:00Z,µg/m³,39,43,8,5,3
Hull Freetown - UKA00450,2023-09-20T23:07:00Z,µg/m³,39,40,8,5,4
Hull Freetown - UKA00450,2023-09-20T23:08:00Z,µg/m³,51,37,9,5,4
Hull Freetown - UKA00450,2023-09-20T23:09:00Z,µg/m³,44,33,9,5,4
Hull Freetown - UKA00450,2023-09-20T23:10:00Z,µg/m³,34,32,9,5,4
Hull Freetown - UKA00450,2023-09-20T23:11:00Z,µg/m³,32,32,9,5,4
Hull Freetown - UKA00450,2023-09-20T23:12:00Z,µg/m³,23,34,9,5,4
Hull Freetown - UKA00450,2023-09-20T23:13:00Z,µg/m³,17,36,9,5,4
Hull Freetown - UKA00450,2023-09-20T23:14:00Z,µg/m³,17,40,9,5,3
Hull Freetown - UKA00450,2023-09-20T23:15:00Z,µg/m³,19,44,9,5,4
Hull Freetown - UKA00450,2023-09-20T23:16:00Z,µg/m³,25,49,10,6,4
Hull Freetown - UKA00450,2023-09-20T23:17:00Z,µg/m³,27,53,10,6,3
Hull Freetown - UKA00450,2023-09-20T23:18:00Z,µg/m³,29,54,11,6,3
Hull Freetown - UKA00450,2023-09-20T23:19:00Z,µg/m³,24,55,11,6,3
Hull Freetown - UKA00450,2023-09-20T23:20:00Z,µg/m³,24,54,11,6,3
Hull Freetown - UKA00450,2023-09-20T23:21:00Z,µg/m³,14,53,11,6,3
Hull Freetown - UKA00450,2023-09-20T23:22:00Z,µg/m³,9,54,11,6,3
Hull Freetown - UKA00450,2023-09-20T23:23:00Z,µg/m³,14,54,11,6,3
Hull Freetown - UKA00450,2023-10-20T23:00:00Z,µg/m³,13,54,11,6,3
Hull Freetown - UKA00450,2023-10-20T23:01:00Z,µg/m³,13,54,11,6,3
Hull Freetown - UKA00450,2023-10-20T23:02:00Z,µg/m³,21,54,12,6,3
Hull Freetown - UKA00450,2023-10-20T23:03:00Z,µg/m³,20,54,12,6,3
Hull Freetown - UKA00450,2023-10-20T23:04:00Z,µg/m³,16,53,12,6,3
Hull Freetown - UKA00450,2023-10-20T23:05:00Z,µg/m³,15,52,12,6,3
Hull Freetown - UKA00450,2023-10-20T23:06:00Z,µg/m³,14,49,12,6,3
Hull Freetown - UKA00450,2023-10-20T23:07:00Z,µg/m³,12,48,12,6,3
Hull Freetown - UKA00450,2023-10-20T23:08:00Z,µg/m³,18,47,12,6,3
Hull Freetown - UKA00450,2023-10-20T23:09:00Z,µg/m³,24,46,12,6,3
Hull Freetown - UKA00450,2023-10-20T23:10:00Z,µg/m³,20,46,12,6,3
Hull Freetown - UKA00450,2023-10-20T23:11:00Z,µg/m³,16,48,12,6,3
Hull Freetown - UKA00450,2023-10-20T23:12:00Z,µg/m³,17,50,12,6,3
Hull Freetown - UKA00450,2023-10-20T23:13:00Z,µg/m³,23,51,12,6,3
Hull Freetown - UKA00450,2023-10-20T23:14:00Z,µg/m³,26,52,11,6,4
Hull Freetown - UKA00450,2023-10-20T23:15:00Z,µg/m³,28,51,11,6,3
Hull Freetown - UKA00450,2023-10-20T23:16:00Z,µg/m³,24,50,11,6,3
Hull Freetown - UKA00450,2023-10-20T23:17:00Z,µg/m³,28,49,10,6,3
Hull Freetown - UKA00450,2023-10-20T23:18:00Z,µg/m³,20,48,10,6,3
Hull Freetown - UKA00450,2023-10-20T23:19:00Z,µg/m³,14,46,10,5,3
Hull Freetown - UKA00450,2023-10-20T23:20:00Z,µg/m³,11,45,10,5,3
Hull Freetown - UKA00450,2023-10-20T23:21:00Z,µg/m³,11,45,9,5,3
Hull Freetown - UKA00450,2023-10-20T23:22:00Z,µg/m³,9,48,9,5,3
Hull Freetown - UKA00450,2023-10-20T23:23:00Z,µg/m³,8,52,9,5,3
Hull Freetown - UKA00450,2023-11-20T23:00:00Z,µg/m³,8,57,9,5,3
Hull Freetown - UKA00450,2023-11-20T23:01:00Z,µg/m³,5,62,8,5,3
Hull Freetown - UKA00450,2023-11-20T23:02:00Z,µg/m³,6,66,8,4,3
Hull Freetown - UKA00450,2023-11-20T23:03:00Z,µg/m³,6,70,8,4,3
Hull Freetown - UKA00450,2023-11-20T23:04:00Z,µg/m³,6,73,8,4,2
Hull Freetown - UKA00450,2023-11-20T23:05:00Z,µg/m³,9,74,7,4,3
Hull Freetown - UKA00450,2023-11-20T23:06:00Z,µg/m³,20,71,8,4,3
Hull Freetown - UKA00450,2023-11-20T23:07:00Z,µg/m³,20,68,8,4,3
Hull Freetown - UKA00450,2023-11-20T23:08:00Z,µg/m³,28,65,8,4,2
Hull Freetown - UKA00450,2023-11-20T23:09:00Z,µg/m³,27,61,8,4,2
Hull Freetown - UKA00450,2023-11-20T23:10:00Z,µg/m³,25,58,8,4,3
Hull Freetown - UKA00450,2023-11-20T23:11:00Z,µg/m³,33,54,8,4,4
Hull Freetown - UKA00450,2023-11-20T23:12:00Z,µg/m³,24,52,9,5,4
Hull Freetown - UKA00450,2023-11-20T23:13:00Z,µg/m³,19,51,9,5,5
Hull Freetown - UKA00450,2023-11-20T23:14:00Z,µg/m³,23,51,10,5,4
Hull Freetown - UKA00450,2023-11-20T23:15:00Z,µg/m³,19,52,10,5,4
Hull Freetown - UKA00450,2023-11-20T23:16:00Z,µg/m³,25,53,10,5,4
Hull Freetown - UKA00450,2023-11-20T23:17:00Z,µg/m³,25,55,10,5,3
Hull Freetown - UKA00450,2023-11-20T23:18:00Z,µg/m³,22,57,10,5,3
Hull Freetown - UKA00450,2023-01-20T23:00:00Z,µg/m³,9,61,14,7,2
Hull Freetown - UKA00450,2023-01-20T23:02:00Z,µg/m³,8,65,14,7,2
Hull Freetown - UKA00450,2023-01-20T23:03:00Z,µg/m³,7,66,14,7,2
Hull Freetown - UKA00450,2023-01-20T23:04:00Z,µg/m³,6,69,14,7,2
Hull Freetown - UKA00450,2023-01-20T23:05:00Z,µg/m³,7,71,14,7,2
Hull Freetown - UKA00450,2023-01-20T23:06:00Z,µg/m³,10,72,14,7,2
Hull Freetown - UKA00450,2023-01-20T23:07:00Z,µg/m³,14,72,14,7,1
Hull Freetown - UKA00450,2023-01-20T23:08:00Z,µg/m³,15,71,14,7,1
Hull Freetown - UKA00450,2023-01-20T23:09:00Z,µg/m³,17,70,14,7,1
Hull Freetown - UKA00450,2023-01-20T23:10:00Z,µg/m³,14,69,14,7,1
Hull Freetown - UKA00450,2023-01-20T23:11:00Z,µg/m³,11,69,14,7,2
Hull Freetown - UKA00450,2023-01-20T23:12:00Z,µg/m³,10,68,13,7,2
Hull Freetown - UKA00450,2023-01-20T23:13:00Z,µg/m³,11,68,13,7,2
Hull Freetown - UKA00450,2023-01-20T23:14:00Z,µg/m³,11,69,13,7,0
Hull Freetown - UKA00450,2023-01-20T23:15:00Z,µg/m³,11,69,12,7,0
Hull Freetown - UKA00450,2023-01-20T23:16:00Z,µg/m³,13,69,12,6,1
Hull Freetown - UKA00450,2023-01-20T23:17:00Z,µg/m³,21,68,12,6,0
Hull Freetown - UKA00450,2023-01-20T23:18:00Z,µg/m³,20,67,11,6,0
Hull Freetown - UKA00450,2023-01-20T23:19:00Z,µg/m³,19,66,11,6,1
Hull Freetown - UKA00450,2023-01-20T23:20:00Z,µg/m³,15,64,10,6,1
Hull Freetown - UKA00450,2023-01-20T23:21:00Z,µg/m³,16,63,10,6,0
Hull Freetown - UKA00450,2023-01-20T23:22:00Z,µg/m³,20,61,10,5,1
Hull Freetown - UKA00450,2023-01-20T23:23:00Z,µg/m³,19,59,10,5,2
Hull Freetown - UKA00450,2023-02-20T23:00:00Z,µg/m³,14,58,10,5,2
Hull Freetown - UKA00450,2023-01-20T23:22:00Z,µg/m³,11,46,12,7,1
Hull Freetown - UKA00450,2023-01-20T23:23:00Z,µg/m³,9,45,12,7,1
Hull Freetown - UKA00450,2023-02-20T23:00:00Z,µg/m³,10,46,12,7,3
Hull Freetown - UKA00450,2023-02-20T23:01:00Z,µg/m³,11,47,11,6,2
Hull Freetown - UKA00450,2023-02-20T23:02:00Z,µg/m³,3,51,11,6,2
Hull Freetown - UKA00450,2023-02-20T23:03:00Z,µg/m³,8,54,11,5,1
Hull Freetown - UKA00450,2023-02-20T23:04:00Z,µg/m³,12,56,11,5,1
Hull Freetown - UKA00450,2023-02-20T23:05:00Z,µg/m³,3,59,10,5,1
Hull Freetown - UKA00450,2023-02-20T23:06:00Z,µg/m³,7,59,10,5,1
Hull Freetown - UKA00450,2023-02-20T23:07:00Z,µg/m³,14,60,11,5,2
Hull Freetown - UKA00450,2023-02-20T23:08:00Z,µg/m³,26,58,11,5,2
Hull Freetown - UKA00450,2023-02-20T23:09:00Z,µg/m³,20,59,12,5,2
Hull Freetown - UKA00450,2023-02-20T23:10:00Z,µg/m³,19,58,12,5,2
Hull Freetown - UKA00450,2023-02-20T23:11:00Z,µg/m³,14,59,12,5,2
Hull Freetown - UKA00450,2023-02-20T23:12:00Z,µg/m³,13,59,12,5,2
Hull Freetown - UKA00450,2023-02-20T23:13:00Z,µg/m³,11,59,12,5,2
Hull Freetown - UKA00450,2023-02-20T23:14:00Z,µg/m³,8,60,12,5,2
Hull Freetown - UKA00450,2023-02-20T23:15:00Z,µg/m³,7,61,12,6,2
Hull Freetown - UKA00450,2023-02-20T23:16:00Z,µg/m³,7,65,12,6,1
Hull Freetown - UKA00450,2023-02-20T23:17:00Z,µg/m³,11,66,12,6,1
Hull Freetown - UKA00450,2023-02-20T23:18:00Z,µg/m³,13,65,13,6,1
Hull Freetown - UKA00450,2023-02-20T23:19:00Z,µg/m³,8,64,12,6,1
Hull Freetown - UKA00450,2023-02-20T23:20:00Z,µg/m³,7,62,12,6,1
Hull Freetown - UKA00450,2023-02-20T23:21:00Z,µg/m³,6,61,12,6,1
Hull Freetown - UKA00450,2023-02-20T23:22:00Z,µg/m³,5,60,12,6,1
Hull Freetown - UKA00450,2023-02-20T23:23:00Z,µg/m³,8,59,11,6,1
Hull Freetown - UKA00450,2023-03-20T23:00:00Z,µg/m³,10,56,11,5,1
Hull Freetown - UKA00450,2023-03-20T23:01:00Z,µg/m³,8,55,11,5,1
Hull Freetown - UKA00450,2023-03-20T23:02:00Z,µg/m³,9,55,10,5,1
Hull Freetown - UKA00450,2023-03-20T23:03:00Z,µg/m³,7,54,10,5,1
Hull Freetown - UKA00450,2023-03-20T23:04:00Z,µg/m³,8,53,10,5,1
Hull Freetown - UKA00450,2023-03-20T23:05:00Z,µg/m³,6,53,9,5,1
Hull Freetown - UKA00450,2023-03-20T23:06:00Z,µg/m³,7,52,9,4,1
Hull Freetown - UKA00450,2023-03-20T23:07:00Z,µg/m³,11,51,9,4,1
Hull Freetown - UKA00450,2023-03-20T23:08:00Z,µg/m³,12,51,8,4,1
Hull Freetown - UKA00450,2023-03-20T23:09:00Z,µg/m³,14,50,8,4,1
Hull Freetown - UKA00450,2023-03-20T23:10:00Z,µg/m³,17,49,8,4,2
Hull Freetown - UKA00450,2023-03-20T23:11:00Z,µg/m³,17,48,8,4,2
Hull Freetown - UKA00450,2023-03-20T23:12:00Z,µg/m³,15,47,7,3,2
Hull Freetown - UKA00450,2023-03-20T23:13:00Z,µg/m³,19,46,7,3,2
Hull Freetown - UKA00450,2023-03-20T23:14:00Z,µg/m³,15,45,6,3,2
Hull Freetown - UKA00450,2023-03-20T23:15:00Z,µg/m³,21,44,6,3,2
Hull Freetown - UKA00450,2023-03-20T23:16:00Z,µg/m³,31,41,5,3,2
Hull Freetown - UKA00450,2023-03-20T23:17:00Z,µg/m³,35,39,5,2,2
Hull Freetown - UKA00450,2023-03-20T23:18:00Z,µg/m³,38,36,5,2,2
Hull Freetown - UKA00450,2023-03-20T23:19:00Z,µg/m³,34,34,5,2,2
Hull Freetown - UKA00450,2023-03-20T23:20:00Z,µg/m³,32,32,5,2,2
Hull Freetown - UKA00450,2023-03-20T23:21:00Z,µg/m³,27,30,5,3,2
Hull Freetown - UKA00450,2023-03-20T23:22:00Z,µg/m³,22,28,6,3,2
Hull Freetown - UKA00450,2023-03-20T23:23:00Z,µg/m³,21,28,6,3,2
Hull Freetown - UKA00450,2023-04-20T23:00:00Z,µg/m³,26,28,6,3,2
Hull Freetown - UKA00450,2023-04-20T23:01:00Z,µg/m³,15,29,6,3,2
Hull Freetown - UKA00450,2023-04-20T23:02:00Z,µg/m³,15,31,7,4,2
Hull Freetown - UKA00450,2023-04-20T23:03:00Z,µg/m³,32,30,7,4,2
Hull Freetown - UKA00450,2023-04-20T23:04:00Z,µg/m³,19,29,7,4,2
Hull Freetown - UKA00450,2023-04-20T23:05:00Z,µg/m³,17,29,8,4,2
Hull Freetown - UKA00450,2023-04-20T23:06:00Z,µg/m³,12,28,8,5,2
Hull Freetown - UKA00450,2023-04-20T23:07:00Z,µg/m³,24,26,8,5,2
Hull Freetown - UKA00450,2023-04-20T23:08:00Z,µg/m³,24,25,8,5,2
Hull Freetown - UKA00450,2023-04-20T23:09:00Z,µg/m³,28,22,9,5,3
Hull Freetown - UKA00450,2023-04-20T23:10:00Z,µg/m³,17,21,9,5,3
Hull Freetown - UKA00450,2023-04-20T23:11:00Z,µg/m³,20,23,9,6,3
Hull Freetown - UKA00450,2023-04-20T23:12:00Z,µg/m³,14,26,9,6,2
Hull Freetown - UKA00450,2023-04-20T23:13:00Z,µg/m³,18,30,9,6,2
Hull Freetown - UKA00450,2023-04-20T23:14:00Z,µg/m³,21,32,9,6,2
Hull Freetown - UKA00450,2023-04-20T23:15:00Z,µg/m³,14,37,10,6,2
Hull Freetown - UKA00450,2023-04-20T23:16:00Z,µg/m³,12,43,10,6,2
Hull Freetown - UKA00450,2023-04-20T23:18:00Z,µg/m³,9,55,10,6,2
Hull Freetown - UKA00450,2023-04-20T23:19:00Z,µg/m³,16,60,10,6,2
Hull Freetown - UKA00450,2023-04-20T23:20:00Z,µg/m³,5,61,10,6,2
Hull Freetown - UKA00450,2023-04-20T23:21:00Z,µg/m³,4,63,9,6,2
Hull Freetown - UKA00450,2023-04-20T23:22:00Z,µg/m³,4,64,9,6,2
Hull Freetown - UKA00450,2023-04-20T23:23:00Z,µg/m³,4,65,9,6,2
Hull Freetown - UKA00450,2023-05-20T23:00:00Z,µg/m³,4,64,9,5,2
Hull Freetown - UKA00450,2023-05-20T23:01:00Z,µg/m³,4,62,9,5,2
Hull Freetown - UKA00450,2023-05-20T23:02:00Z,µg/m³,4,59,8,5,2
Hull Freetown - UKA00450,2023-05-20T23:03:00Z,µg/m³,3,59,8,5,2
Hull Freetown - UKA00450,2023-05-20T23:04:00Z,µg/m³,2,57,8,5,2
Hull Freetown - UKA00450,2023-05-20T23:05:00Z,µg/m³,2,56,8,5,2
Hull Freetown - UKA00450,2023-05-20T23:06:00Z,µg/m³,2,56,7,4,2
Hull Freetown - UKA00450,2023-05-20T23:07:00Z,µg/m³,2,57,7,4,2
Hull Freetown - UKA00450,2023-05-20T23:08:00Z,µg/m³,3,57,7,4,2
Hull Freetown - UKA00450,2023-05-20T23:09:00Z,µg/m³,3,57,7,4,2
Hull Freetown - UKA00450,2023-05-20T23:10:00Z,µg/m³,3,57,6,4,2
Hull Freetown - UKA00450,2023-05-20T23:11:00Z,µg/m³,4,55,6,4,2
Hull Freetown - UKA00450,2023-05-20T23:12:00Z,µg/m³,6,54,6,4,2
Hull Freetown - UKA00450,2023-05-20T23:13:00Z,µg/m³,12,53,6,3,2
Hull Freetown - UKA00450,2023-05-20T23:14:00Z,µg/m³,13,51,6,3,2
Hull Freetown - UKA00450,2023-05-20T23:15:00Z,µg/m³,13,50,6,3,2
Hull Freetown - UKA00450,2023-05-20T23:16:00Z,µg/m³,27,47,6,3,2
Hull Freetown - UKA00450,2023-05-20T23:17:00Z,µg/m³,31,44,6,4,2
Hull Freetown - UKA00450,2023-05-20T23:18:00Z,µg/m³,38,40,7,5,3
Hull Freetown - UKA00450,2023-05-20T23:19:00Z,µg/m³,35,36,9,7,3
Hull Freetown - UKA00450,2023-05-20T23:20:00Z,µg/m³,28,33,11,8,3
Hull Freetown - UKA00450,2023-05-20T23:21:00Z,µg/m³,30,31,13,10,3
Hull Freetown - UKA00450,2023-05-20T23:22:00Z,µg/m³,29,28,15,12,3
Hull Freetown - UKA00450,2023-05-20T23:23:00Z,µg/m³,31,24,17,13,4
Hull Freetown - UKA00450,2023-06-20T23:00:00Z,µg/m³,23,23,18,15,4
Hull Freetown - UKA00450,2023-06-20T23:01:00Z,µg/m³,30,21,19,16,3
Hull Freetown - UKA00450,2023-06-20T23:02:00Z,µg/m³,22,22,20,16,3
Hull Freetown - UKA00450,2023-06-20T23:03:00Z,µg/m³,22,22,21,17,3
Hull Freetown - UKA00450,2023-06-20T23:04:00Z,µg/m³,21,22,22,18,3
Hull Freetown - UKA00450,2023-06-20T23:05:00Z,µg/m³,20,22,22,18,3
Hull Freetown - UKA00450,2023-06-20T23:06:00Z,µg/m³,27,22,23,19,3
Hull Freetown - UKA00450,2023-06-20T23:07:00Z,µg/m³,36,20,23,19,3
Hull Freetown - UKA00450,2023-06-20T23:08:00Z,µg/m³,38,19,24,19,3
Hull Freetown - UKA00450,2023-06-20T23:09:00Z,µg/m³,30,19,24,20,3
Hull Freetown - UKA00450,2023-06-20T23:10:00Z,µg/m³,28,19,24,20,3
Hull Freetown - UKA00450,2023-06-20T23:11:00Z,µg/m³,27,21,25,20,3
Hull Freetown - UKA00450,2023-06-20T23:12:00Z,µg/m³,22,23,25,20,3
Hull Freetown - UKA00450,2023-06-20T23:13:00Z,µg/m³,15,26,25,20,2
Hull Freetown - UKA00450,2023-06-20T23:15:00Z,µg/m³,19,34,25,20,2
Hull Freetown - UKA00450,2023-06-20T23:16:00Z,µg/m³,24,38,25,20,2
Hull Freetown - UKA00450,2023-06-20T23:17:00Z,µg/m³,26,41,25,20,2
Hull Freetown - UKA00450,2023-06-20T23:18:00Z,µg/m³,24,42,24,18,2
Hull Freetown - UKA00450,2023-06-20T23:19:00Z,µg/m³,19,44,22,16,2
Hull Freetown - UKA00450,2023-06-20T23:20:00Z,µg/m³,22,44,20,15,2
Hull Freetown - UKA00450,2023-06-20T23:21:00Z,µg/m³,21,42,18,14,2
Hull Freetown - UKA00450,2023-06-20T23:22:00Z,µg/m³,33,38,16,12,2
Hull Freetown - UKA00450,2023-06-20T23:23:00Z,µg/m³,23,36,15,10,2
Hull Freetown - UKA00450,2023-07-20T23:00:00Z,µg/m³,25,34,13,9,2
Hull Freetown - UKA00450,2023-07-20T23:01:00Z,µg/m³,13,34,13,8,2
Hull Freetown - UKA00450,2023-07-20T23:02:00Z,µg/m³,12,34,12,8,2
Hull Freetown - UKA00450,2023-07-20T23:03:00Z,µg/m³,24,32,11,7,2
Hull Freetown - UKA00450,2023-07-20T23:04:00Z,µg/m³,16,32,11,6,2
Hull Freetown - UKA00450,2023-07-20T23:05:00Z,µg/m³,18,31,10,6,2
Hull Freetown - UKA00450,2023-07-20T23:06:00Z,µg/m³,23,32,10,6,2
Hull Freetown - UKA00450,2023-07-20T23:07:00Z,µg/m³,34,31,9,5,2
Hull Freetown - UKA00450,2023-07-20T23:08:00Z,µg/m³,39,30,9,5,3
Hull Freetown - UKA00450,2023-07-20T23:09:00Z,µg/m³,34,27,9,5,3
Hull Freetown - UKA00450,2023-07-20T23:10:00Z,µg/m³,30,26,9,5,3
Hull Freetown - UKA00450,2023-07-20T23:11:00Z,µg/m³,25,26,9,5,4
Hull Freetown - UKA00450,2023-07-20T23:12:00Z,µg/m³,20,26,9,5,3
Hull Freetown - UKA00450,2023-07-20T23:13:00Z,µg/m³,15,28,9,5,2
Hull Freetown - UKA00450,2023-07-20T23:14:00Z,µg/m³,17,30,9,5,2
Hull Freetown - UKA00450,2023-07-20T23:15:00Z,µg/m³,15,34,9,5,2
Hull Freetown - UKA00450,2023-07-20T23:16:00Z,µg/m³,29,36,9,5,2
Hull Freetown - UKA00450,2023-07-20T23:17:00Z,µg/m³,35,37,9,5,2
Hull Freetown - UKA00450,2023-07-20T23:18:00Z,µg/m³,28,38,9,5,2
Hull Freetown - UKA00450,2023-07-20T23:19:00Z,µg/m³,30,37,9,5,2
Hull Freetown - UKA00450,2023-07-20T23:20:00Z,µg/m³,26,37,9,5,2
Hull Freetown - UKA00450,2023-07-20T23:21:00Z,µg/m³,26,35,9,5,2
Hull Freetown - UKA00450,2023-07-20T23:22:00Z,µg/m³,30,33,9,5,2
Hull Freetown - UKA00450,2023-07-20T23:23:00Z,µg/m³,28,30,9,5,2
Hull Freetown - UKA00450,2023-08-20T23:00:00Z,µg/m³,30,28,9,5,2
Hull Freetown - UKA00450,2023-08-20T23:01:00Z,µg/m³,26,28,9,5,2
Hull Freetown - UKA00450,2023-08-20T23:02:00Z,µg/m³,17,27,9,5,2
Hull Freetown - UKA00450,2023-08-20T23:03:00Z,µg/m³,20,27,9,5,2
Hull Freetown - UKA00450,2023-08-20T23:04:00Z,µg/m³,17,28,9,5,2
Hull Freetown - UKA00450,2023-08-20T23:05:00Z,µg/m³,14,28,9,5,2
Hull Freetown - UKA00450,2023-08-20T23:06:00Z,µg/m³,12,30,10,5,2
Hull Freetown - UKA00450,2023-08-20T23:07:00Z,µg/m³,10,33,10,5,2
Hull Freetown - UKA00450,2023-08-20T23:08:00Z,µg/m³,15,37,9,5,2
Hull Freetown - UKA00450,2023-08-20T23:09:00Z,µg/m³,18,40,9,5,2
Hull Freetown - UKA00450,2023-08-20T23:10:00Z,µg/m³,13,43,9,5,2
Hull Freetown - UKA00450,2023-08-20T23:11:00Z,µg/m³,16,46,8,5,2
Hull Freetown - UKA00450,2023-08-20T23:12:00Z,µg/m³,26,49,8,5,NA
Hull Freetown - UKA00450,2023-08-20T23:13:00Z,µg/m³,23,51,8,4,NA
Hull Freetown - UKA00450,2023-08-20T23:14:00Z,µg/m³,20,52,8,4,NA
Hull Freetown - UKA00450,2023-08-20T23:15:00Z,µg/m³,21,51,8,5,NA
Hull Freetown - UKA00450,2023-08-20T23:16:00Z,µg/m³,20,52,9,5,NA
Hull Freetown - UKA00450,2023-08-20T23:19:00Z,µg/m³,46,41,11,6,NA
Hull Freetown - UKA00450,2023-08-20T23:20:00Z,µg/m³,41,37,11,6,NA
Hull Freetown - UKA00450,2023-08-20T23:21:00Z,µg/m³,40,33,12,6,NA
Hull Freetown - UKA00450,2023-08-20T23:22:00Z,µg/m³,27,30,13,7,NA
Hull Freetown - UKA00450,2023-08-20T23:23:00Z,µg/m³,29,26,13,7,NA
Hull Freetown - UKA00450,2023-09-20T23:00:00Z,µg/m³,32,22,13,7,NA
Hull Freetown - UKA00450,2023-09-20T23:01:00Z,µg/m³,29,22,14,7,NA
Hull Freetown - UKA00450,2023-09-20T23:02:00Z,µg/m³,25,22,14,7,NA
Hull Freetown - UKA00450,2023-09-20T23:03:00Z,µg/m³,15,24,14,7,NA
Hull Freetown - UKA00450,2023-09-20T23:04:00Z,µg/m³,10,27,15,7,NA
Hull Freetown - UKA00450,2023-09-20T23:05:00Z,µg/m³,16,29,15,8,NA
Hull Freetown - UKA00450,2023-09-20T23:07:00Z,µg/m³,23,30,15,8,NA
Hull Freetown - UKA00450,2023-09-20T23:08:00Z,µg/m³,37,28,18,8,NA
Hull Freetown - UKA00450,2023-09-20T23:09:00Z,µg/m³,31,28,22,9,NA
Hull Freetown - UKA00450,2023-09-20T23:10:00Z,µg/m³,29,28,24,9,NA
Hull Freetown - UKA00450,2023-09-20T23:11:00Z,µg/m³,30,26,25,9,NA
Hull Freetown - UKA00450,2023-09-20T23:12:00Z,µg/m³,27,26,25,9,NA
Hull Freetown - UKA00450,2023-09-20T23:13:00Z,µg/m³,26,27,26,9,NA
Hull Freetown - UKA00450,2023-09-20T23:14:00Z,µg/m³,23,30,26,9,NA
Hull Freetown - UKA00450,2023-09-20T23:15:00Z,µg/m³,33,33,26,9,NA
Hull Freetown - UKA00450,2023-09-20T23:16:00Z,µg/m³,35,35,26,9,NA
Hull Freetown - UKA00450,2023-09-20T23:17:00Z,µg/m³,26,38,26,9,NA
Hull Freetown - UKA00450,2023-09-20T23:18:00Z,µg/m³,20,41,25,9,NA
Hull Freetown - UKA00450,2023-09-20T23:19:00Z,µg/m³,20,44,24,8,NA
Hull Freetown - UKA00450,2023-09-20T23:20:00Z,µg/m³,27,45,23,8,NA
Hull Freetown - UKA00450,2023-09-20T23:21:00Z,µg/m³,20,45,23,7,NA
Hull Freetown - UKA00450,2023-09-20T23:22:00Z,µg/m³,31,42,22,7,NA
Hull Freetown - UKA00450,2023-09-20T23:23:00Z,µg/m³,43,39,21,7,NA
Hull Freetown - UKA00450,2023-10-20T23:00:00Z,µg/m³,36,38,21,7,NA
Hull Freetown - UKA00450,2023-10-20T23:01:00Z,µg/m³,37,35,21,6,NA
Hull Freetown - UKA00450,2023-10-20T23:02:00Z,µg/m³,18,34,20,6,NA
Hull Freetown - UKA00450,2023-10-20T23:03:00Z,µg/m³,16,35,20,6,NA
Hull Freetown - UKA00450,2023-10-20T23:04:00Z,µg/m³,17,35,19,6,NA
Hull Freetown - UKA00450,2023-10-20T23:05:00Z,µg/m³,14,36,19,6,NA
Hull Freetown - UKA00450,2023-10-20T23:06:00Z,µg/m³,31,35,19,6,NA
Hull Freetown - UKA00450,2023-10-20T23:07:00Z,µg/m³,43,34,18,6,NA
Hull Freetown - UKA00450,2023-10-20T23:08:00Z,µg/m³,53,31,16,6,NA
Hull Freetown - UKA00450,2023-10-20T23:09:00Z,µg/m³,38,30,13,5,NA
Hull Freetown - UKA00450,2023-10-20T23:10:00Z,µg/m³,18,29,11,5,NA
Hull Freetown - UKA00450,2023-10-20T23:11:00Z,µg/m³,11,29,10,5,NA
Hull Freetown - UKA00450,2023-10-20T23:12:00Z,µg/m³,9,29,10,5,NA
Hull Freetown - UKA00450,2023-10-20T23:13:00Z,µg/m³,7,30,10,5,NA
Hull Freetown - UKA00450,2023-10-20T23:14:00Z,µg/m³,10,34,9,5,NA
Hull Freetown - UKA00450,2023-10-20T23:15:00Z,µg/m³,11,39,9,5,NA
Hull Freetown - UKA00450,2023-10-20T23:16:00Z,µg/m³,15,45,8,5,1
Hull Freetown - UKA00450,2023-10-20T23:17:00Z,µg/m³,31,47,8,5,3
Hull Freetown - UKA00450,2023-10-20T23:18:00Z,µg/m³,17,48,8,5,3
Hull Freetown - UKA00450,2023-10-20T23:19:00Z,µg/m³,33,45,9,6,3
Hull Freetown - UKA00450,2023-10-20T23:21:00Z,µg/m³,45,35,9,6,4
Hull Freetown - UKA00450,2023-10-20T23:22:00Z,µg/m³,29,31,10,6,3
Hull Freetown - UKA00450,2023-10-20T23:23:00Z,µg/m³,26,28,10,7,3
Hull Freetown - UKA00450,2023-11-20T23:00:00Z,µg/m³,28,25,10,7,3
Hull Freetown - UKA00450,2023-11-20T23:01:00Z,µg/m³,19,25,12,7,3
Hull Freetown - UKA00450,2023-11-20T23:02:00Z,µg/m³,18,23,13,7,3
Hull Freetown - UKA00450,2023-11-20T23:03:00Z,µg/m³,17,24,13,7,1
Hull Freetown - UKA00450,2023-11-20T23:04:00Z,µg/m³,9,28,13,7,2
Hull Freetown - UKA00450,2023-11-20T23:05:00Z,µg/m³,11,32,13,7,1
Hull Freetown - UKA00450,2023-11-20T23:06:00Z,µg/m³,4,35,13,7,1
Hull Freetown - UKA00450,2023-11-20T23:07:00Z,µg/m³,3,38,12,7,1
Hull Freetown - UKA00450,2023-11-20T23:08:00Z,µg/m³,4,41,12,7,2
Hull Freetown - UKA00450,2023-11-20T23:09:00Z,µg/m³,6,43,12,6,2
Hull Freetown - UKA00450,2023-11-20T23:10:00Z,µg/m³,7,45,11,6,4
Hull Freetown - UKA00450,2023-11-20T23:11:00Z,µg/m³,6,46,11,6,4
Hull Freetown - UKA00450,2023-11-20T23:12:00Z,µg/m³,6,47,11,6,4
Hull Freetown - UKA00450,2023-11-20T23:13:00Z,µg/m³,5,48,11,6,4
Hull Freetown - UKA00450,2023-11-20T23:14:00Z,µg/m³,7,48,11,6,3
Hull Freetown - UKA00450,2023-11-20T23:15:00Z,µg/m³,8,48,11,6,3
Hull Freetown - UKA00450,2023-11-20T23:16:00Z,µg/m³,15,46,11,6,4
Hull Freetown - UKA00450,2023-11-20T23:17:00Z,µg/m³,37,42,11,6,4
Hull Freetown - UKA00450,2023-11-20T23:18:00Z,µg/m³,55,37,12,7,7
Hull Freetown - UKA00450,2023-11-20T23:19:00Z,µg/m³,59,31,13,7,7
Hull Freetown - UKA00450,2023-11-20T23:20:00Z,µg/m³,53,26,14,8,7
Hull Freetown - UKA00450,2023-11-20T23:21:00Z,µg/m³,53,20,15,9,9
Hull Freetown - UKA00450,2023-11-20T23:22:00Z,µg/m³,46,14,16,11,7
Hull Freetown - UKA00450,2023-11-20T23:23:00Z,µg/m³,47,8,19,13,7
Hull Freetown - UKA00450,2023-12-20T23:00:00Z,µg/m³,42,4,21,15,8
Hull Freetown - UKA00450,2023-12-20T23:01:00Z,µg/m³,39,3,22,17,8
Hull Freetown - UKA00450,2023-12-20T23:02:00Z,µg/m³,33,3,22,18,8
Hull Freetown - UKA00450,2023-12-20T23:03:00Z,µg/m³,30,3,24,19,7
Hull Freetown - UKA00450,2023-12-20T23:04:00Z,µg/m³,27,2,24,20,6
Hull Freetown - UKA00450,2023-12-20T23:05:00Z,µg/m³,25,2,25,20,5
Hull Freetown - UKA00450,2023-12-20T23:06:00Z,µg/m³,22,2,26,21,6
Hull Freetown - UKA00450,2023-12-20T23:07:00Z,µg/m³,24,2,26,21,6
Hull Freetown - UKA00450,2023-12-20T23:08:00Z,µg/m³,24,1,27,22,6
Hull Freetown - UKA00450,2023-12-20T23:09:00Z,µg/m³,28,1,27,22,7
Hull Freetown - UKA00450,2023-12-20T23:10:00Z,µg/m³,31,1,27,22,6
Hull Freetown - UKA00450,2023-12-20T23:11:00Z,µg/m³,28,2,29,23,7
Hull Freetown - UKA00450,2023-12-20T23:12:00Z,µg/m³,38,3,30,24,7
Hull Freetown - UKA00450,2023-12-20T23:13:00Z,µg/m³,37,4,30,24,6
Hull Freetown - UKA00450,2023-12-20T23:14:00Z,µg/m³,27,6,30,24,5
Hull Freetown - UKA00450,2023-12-20T23:15:00Z,µg/m³,21,10,30,24,3
Hull Freetown - UKA00450,2023-12-20T23:16:00Z,µg/m³,28,14,30,24,4
Hull Freetown - UKA00450,2023-12-20T23:17:00Z,µg/m³,23,18,30,24,4
Hull Freetown - UKA00450,2023-12-20T23:18:00Z,µg/m³,24,22,29,23,4
Hull Freetown - UKA00450,2023-12-20T23:19:00Z,µg/m³,27,24,28,23,4
Hull Freetown - UKA00450,2023-12-20T23:20:00Z,µg/m³,20,29,27,22,4
Hull Freetown - UKA00450,2023-12-20T23:21:00Z,µg/m³,9,34,25,20,4
Hull Freetown - UKA00450,2023-12-20T23:22:00Z,µg/m³,8,37,23,18,4
Hull Freetown - UKA00450,2023-12-20T23:23:00Z,µg/m³,10,38,21,16,4
Hull Freetown - UKA00450,2023-01-20T23:00:00Z,µg/m³,10,28,7,4,2
Hull Freetown - UKA00450,2023-01-20T23:01:00Z,µg/m³,11,31,7,4,1
Hull Freetown - UKA00450,2023-01-20T23:02:00Z,µg/m³,7,33,7,4,1
Hull Freetown - UKA00450,2023-01-20T23:03:00Z,µg/m³,7,36,7,5,2
Hull Freetown - UKA00450,2023-01-20T23:04:00Z,µg/m³,7,38,7,5,2
Hull Freetown - UKA00450,2023-01-20T23:05:00Z,µg/m³,8,40,7,5,2
Hull Freetown - UKA00450,2023-01-20T23:06:00Z,µg/m³,13,39,7,5,2
Hull Freetown - UKA00450,2023-01-20T23:07:00Z,µg/m³,22,38,7,5,1
Hull Freetown - UKA00450,2023-01-20T23:08:00Z,µg/m³,32,35,7,5,1
Hull Freetown - UKA00450,2023-01-20T23:09:00Z,µg/m³,47,31,7,5,2
Hull Freetown - UKA00450,2023-01-20T23:10:00Z,µg/m³,52,27,8,5,3
Hull Freetown - UKA00450,2023-01-20T23:11:00Z,µg/m³,24,26,7,5,2
Hull Freetown - UKA00450,2023-01-20T23:12:00Z,µg/m³,21,25,7,5,3
Hull Freetown - UKA00450,2023-01-20T23:13:00Z,µg/m³,22,24,7,5,2
Hull Freetown - UKA00450,2023-01-20T23:14:00Z,µg/m³,23,24,8,5,3
Hull Freetown - UKA00450,2023-01-20T23:15:00Z,µg/m³,22,25,7,5,2
Hull Freetown - UKA00450,2023-01-20T23:16:00Z,µg/m³,35,26,7,5,2
Hull Freetown - UKA00450,2023-01-20T23:17:00Z,µg/m³,46,28,7,5,2
Hull Freetown - UKA00450,2023-01-20T23:18:00Z,µg/m³,64,28,8,5,3
Hull Freetown - UKA00450,2023-01-20T23:19:00Z,µg/m³,65,25,9,6,4
Hull Freetown - UKA00450,2023-01-20T23:20:00Z,µg/m³,48,23,9,6,2
Hull Freetown - UKA00450,2023-01-20T23:21:00Z,µg/m³,26,22,8,6,2
Hull Freetown - UKA00450,2023-01-20T23:22:00Z,µg/m³,41,20,9,7,2
Hull Freetown - UKA00450,2023-01-20T23:23:00Z,µg/m³,51,16,10,7,3
Hull Freetown - UKA00450,2023-02-20T23:00:00Z,µg/m³,34,14,10,7,3
Hull Freetown - UKA00450,2023-02-20T23:01:00Z,µg/m³,27,13,10,8,2
Hull Freetown - UKA00450,2023-02-20T23:02:00Z,µg/m³,37,12,11,8,2
Hull Freetown - UKA00450,2023-02-20T23:03:00Z,µg/m³,33,12,11,8,2
Hull Freetown - UKA00450,2023-02-20T23:04:00Z,µg/m³,30,11,12,9,2
Hull Freetown - UKA00450,2023-02-20T23:05:00Z,µg/m³,37,8,12,9,2
Hull Freetown - UKA00450,2023-02-20T23:06:00Z,µg/m³,35,7,13,9,3
Hull Freetown - UKA00450,2023-02-20T23:07:00Z,µg/m³,35,7,13,10,3
Hull Freetown - UKA00450,2023-02-20T23:08:00Z,µg/m³,NA,6,13,10,NA
Hull Freetown - UKA00450,2023-02-20T23:09:00Z,µg/m³,32,6,13,10,2
Hull Freetown - UKA00450,2023-02-20T23:10:00Z,µg/m³,32,6,13,10,2
Hull Freetown - UKA00450,2023-02-20T23:11:00Z,µg/m³,33,6,13,10,2
Hull Freetown - UKA00450,2023-02-20T23:12:00Z,µg/m³,35,7,13,11,3
Hull Freetown - UKA00450,2023-02-20T23:13:00Z,µg/m³,37,8,14,12,3
Hull Freetown - UKA00450,2023-02-20T23:14:00Z,µg/m³,37,9,15,12,3
Hull Freetown - UKA00450,2023-02-20T23:15:00Z,µg/m³,35,10,15,13,2
Hull Freetown - UKA00450,2023-02-20T23:16:00Z,µg/m³,40,10,15,13,2
Hull Freetown - UKA00450,2023-02-20T23:17:00Z,µg/m³,43,10,16,13,2
Hull Freetown - UKA00450,2023-02-20T23:18:00Z,µg/m³,41,11,16,13,2
Hull Freetown - UKA00450,2023-02-20T23:19:00Z,µg/m³,40,11,15,13,2
Hull Freetown - UKA00450,2023-02-20T23:20:00Z,µg/m³,35,11,16,14,2
Hull Freetown - UKA00450,2023-02-20T23:21:00Z,µg/m³,32,11,16,14,2
Hull Freetown - UKA00450,2023-02-20T23:22:00Z,µg/m³,29,11,16,14,2
Hull Freetown - UKA00450,2023-02-20T23:23:00Z,µg/m³,29,12,16,14,2
Hull Freetown - UKA00450,2023-03-20T23:00:00Z,µg/m³,22,13,16,14,2
Hull Freetown - UKA00450,2023-03-20T23:01:00Z,µg/m³,20,15,17,14,1
Hull Freetown - UKA00450,2023-03-20T23:02:00Z,µg/m³,24,16,17,15,2
Hull Freetown - UKA00450,2023-03-20T23:03:00Z,µg/m³,30,16,17,15,2
Hull Freetown - UKA00450,2023-03-20T23:04:00Z,µg/m³,22,18,17,15,2
Hull Freetown - UKA00450,2023-03-20T23:05:00Z,µg/m³,20,19,17,15,2
Hull Freetown - UKA00450,2023-03-20T23:06:00Z,µg/m³,20,21,17,15,1
Hull Freetown - UKA00450,2023-03-20T23:07:00Z,µg/m³,15,24,16,15,1
Hull Freetown - UKA00450,2023-03-20T23:08:00Z,µg/m³,13,26,16,15,2
Hull Freetown - UKA00450,2023-03-20T23:09:00Z,µg/m³,18,27,16,15,1
Hull Freetown - UKA00450,2023-03-20T23:10:00Z,µg/m³,24,29,16,15,1
Hull Freetown - UKA00450,2023-03-20T23:11:00Z,µg/m³,18,31,16,14,2
Hull Freetown - UKA00450,2023-03-20T23:12:00Z,µg/m³,35,31,16,14,2
Hull Freetown - UKA00450,2023-03-20T23:13:00Z,µg/m³,37,29,16,14,2
Hull Freetown - UKA00450,2023-04-20T23:02:00Z,µg/m³,17,14,21,18,2
Hull Freetown - UKA00450,2023-04-20T23:03:00Z,µg/m³,16,16,21,18,2
Hull Freetown - UKA00450,2023-04-20T23:04:00Z,µg/m³,14,18,21,18,2
Hull Freetown - UKA00450,2023-04-20T23:05:00Z,µg/m³,15,21,21,18,2
Hull Freetown - UKA00450,2023-04-20T23:06:00Z,µg/m³,14,24,21,18,2
Hull Freetown - UKA00450,2023-04-20T23:07:00Z,µg/m³,21,26,21,18,2
Hull Freetown - UKA00450,2023-04-20T23:08:00Z,µg/m³,22,29,21,18,2
Hull Freetown - UKA00450,2023-04-20T23:09:00Z,µg/m³,30,30,21,18,2
Hull Freetown - UKA00450,2023-04-20T23:10:00Z,µg/m³,20,33,21,18,2
Hull Freetown - UKA00450,2023-04-20T23:11:00Z,µg/m³,20,34,22,18,2
Hull Freetown - UKA00450,2023-04-20T23:12:00Z,µg/m³,23,38,21,17,2
Hull Freetown - UKA00450,2023-04-20T23:13:00Z,µg/m³,40,38,20,17,2
Hull Freetown - UKA00450,2023-04-20T23:14:00Z,µg/m³,27,39,20,16,2
Hull Freetown - UKA00450,2023-04-20T23:15:00Z,µg/m³,28,39,19,16,2
Hull Freetown - UKA00450,2023-04-20T23:16:00Z,µg/m³,39,37,19,15,2
Hull Freetown - UKA00450,2023-04-20T23:17:00Z,µg/m³,47,34,18,14,3
Hull Freetown - UKA00450,2023-04-20T23:18:00Z,µg/m³,35,33,17,13,3
Hull Freetown - UKA00450,2023-04-20T23:19:00Z,µg/m³,24,31,16,12,2
Hull Freetown - UKA00450,2023-04-20T23:20:00Z,µg/m³,18,30,15,12,2
Hull Freetown - UKA00450,2023-04-20T23:21:00Z,µg/m³,16,31,14,11,2
Hull Freetown - UKA00450,2023-05-20T23:04:00Z,µg/m³,5,55,11,7,2
Hull Freetown - UKA00450,2023-05-20T23:05:00Z,µg/m³,4,57,11,7,2
Hull Freetown - UKA00450,2023-05-20T23:07:00Z,µg/m³,7,58,11,6,1
Hull Freetown - UKA00450,2023-05-20T23:08:00Z,µg/m³,17,57,12,7,2
Hull Freetown - UKA00450,2023-05-20T23:10:00Z,µg/m³,23,55,12,7,2
Hull Freetown - UKA00450,2023-05-20T23:11:00Z,µg/m³,18,54,12,7,2
Hull Freetown - UKA00450,2023-05-20T23:12:00Z,µg/m³,16,52,12,7,2
Hull Freetown - UKA00450,2023-05-20T23:13:00Z,µg/m³,12,50,12,7,2
Hull Freetown - UKA00450,2023-05-20T23:14:00Z,µg/m³,12,49,12,7,2
Hull Freetown - UKA00450,2023-05-20T23:15:00Z,µg/m³,15,48,12,7,2
Hull Freetown - UKA00450,2023-05-20T23:16:00Z,µg/m³,16,47,12,7,2
Hull Freetown - UKA00450,2023-05-20T23:17:00Z,µg/m³,27,44,12,7,2
Hull Freetown - UKA00450,2023-05-20T23:18:00Z,µg/m³,36,42,13,7,2
Hull Freetown - UKA00450,2023-05-20T23:19:00Z,µg/m³,37,39,13,7,2
Hull Freetown - UKA00450,2023-05-20T23:21:00Z,µg/m³,19,35,13,7,2
Hull Freetown - UKA00450,2023-05-20T23:22:00Z,µg/m³,20,33,13,7,2
Hull Freetown - UKA00450,2023-05-20T23:23:00Z,µg/m³,20,32,13,7,2
Hull Freetown - UKA00450,2023-06-20T23:00:00Z,µg/m³,15,31,13,7,2
Hull Freetown - UKA00450,2023-06-20T23:02:00Z,µg/m³,8,34,12,6,1
Hull Freetown - UKA00450,2023-06-20T23:03:00Z,µg/m³,13,36,12,6,1
Hull Freetown - UKA00450,2023-06-20T23:04:00Z,µg/m³,22,35,12,6,1
Hull Freetown - UKA00450,2023-06-20T23:05:00Z,µg/m³,31,32,12,6,2
Hull Freetown - UKA00450,2023-06-20T23:06:00Z,µg/m³,47,29,12,6,2
Hull Freetown - UKA00450,2023-06-20T23:07:00Z,µg/m³,55,25,11,6,3
Hull Freetown - UKA00450,2023-06-20T23:08:00Z,µg/m³,72,21,11,6,8
Hull Freetown - UKA00450,2023-06-20T23:09:00Z,µg/m³,81,17,11,6,10
Hull Freetown - UKA00450,2023-06-20T23:10:00Z,µg/m³,82,13,11,6,13
Hull Freetown - UKA00450,2023-06-20T23:11:00Z,µg/m³,71,9,12,7,8
Hull Freetown - UKA00450,2023-06-20T23:12:00Z,µg/m³,66,8,13,7,6
Hull Freetown - UKA00450,2023-06-20T23:13:00Z,µg/m³,65,7,13,8,6
Hull Freetown - UKA00450,2023-06-20T23:14:00Z,µg/m³,62,8,14,8,6
Hull Freetown - UKA00450,2023-06-20T23:15:00Z,µg/m³,71,8,15,9,6
Hull Freetown - UKA00450,2023-06-20T23:16:00Z,µg/m³,73,9,16,9,6
Hull Freetown - UKA00450,2023-06-20T23:17:00Z,µg/m³,75,9,16,10,15
Hull Freetown - UKA00450,2023-06-20T23:18:00Z,µg/m³,91,10,17,10,18
Hull Freetown - UKA00450,2023-06-20T23:19:00Z,µg/m³,63,10,17,11,7
Hull Freetown - UKA00450,2023-06-20T23:21:00Z,µg/m³,51,9,18,11,3
Hull Freetown - UKA00450,2023-06-20T23:22:00Z,µg/m³,37,10,18,11,2
Hull Freetown - UKA00450,2023-06-20T23:23:00Z,µg/m³,26,12,18,12,4
Hull Freetown - UKA00450,2023-07-20T23:00:00Z,µg/m³,19,15,18,12,3
Hull Freetown - UKA00450,2023-07-20T23:01:00Z,µg/m³,24,18,19,12,2
Hull Freetown - UKA00450,2023-07-20T23:02:00Z,µg/m³,12,21,19,12,2
Hull Freetown - UKA00450,2023-07-20T23:03:00Z,µg/m³,14,25,19,12,2
Hull Freetown - UKA00450,2023-07-20T23:04:00Z,µg/m³,16,29,19,12,2
Hull Freetown - UKA00450,2023-07-20T23:05:00Z,µg/m³,13,32,19,12,2
Hull Freetown - UKA00450,2023-07-20T23:06:00Z,µg/m³,20,34,19,12,2
Hull Freetown - UKA00450,2023-07-20T23:07:00Z,µg/m³,20,35,19,13,2
Hull Freetown - UKA00450,2023-07-20T23:08:00Z,µg/m³,22,36,19,13,2
Hull Freetown - UKA00450,2023-07-20T23:09:00Z,µg/m³,30,36,19,13,2
Hull Freetown - UKA00450,2023-07-20T23:10:00Z,µg/m³,27,35,19,12,2
Hull Freetown - UKA00450,2023-07-20T23:11:00Z,µg/m³,23,34,19,12,2
Hull Freetown - UKA00450,2023-07-20T23:12:00Z,µg/m³,26,34,18,12,2
Hull Freetown - UKA00450,2023-07-20T23:13:00Z,µg/m³,27,33,18,12,2
Hull Freetown - UKA00450,2023-07-20T23:14:00Z,µg/m³,26,32,17,12,2
Hull Freetown - UKA00450,2023-07-20T23:15:00Z,µg/m³,22,32,17,12,2
Hull Freetown - UKA00450,2023-07-20T23:16:00Z,µg/m³,24,31,17,12,2
Hull Freetown - UKA00450,2023-07-20T23:17:00Z,µg/m³,28,31,16,11,2
Hull Freetown - UKA00450,2023-07-20T23:18:00Z,µg/m³,24,31,15,11,2
Hull Freetown - UKA00450,2023-07-20T23:19:00Z,µg/m³,21,32,15,10,2
Hull Freetown - UKA00450,2023-07-20T23:20:00Z,µg/m³,32,31,14,10,2
Hull Freetown - UKA00450,2023-07-20T23:21:00Z,µg/m³,25,31,14,10,2
Hull Freetown - UKA00450,2023-07-20T23:22:00Z,µg/m³,15,32,14,9,2
Hull Freetown - UKA00450,2023-07-20T23:23:00Z,µg/m³,12,33,13,9,2
Hull Freetown - UKA00450,2023-08-20T23:00:00Z,µg/m³,9,35,13,9,2
Hull Freetown - UKA00450,2023-08-20T23:01:00Z,µg/m³,8,37,13,9,2
Hull Freetown - UKA00450,2023-08-20T23:02:00Z,µg/m³,8,38,13,9,2
Hull Freetown - UKA00450,2023-08-20T23:03:00Z,µg/m³,9,38,13,9,2
Hull Freetown - UKA00450,2023-08-20T23:04:00Z,µg/m³,10,40,13,9,2
Hull Freetown - UKA00450,2023-08-20T23:05:00Z,µg/m³,11,41,14,10,2
Hull Freetown - UKA00450,2023-08-20T23:06:00Z,µg/m³,23,40,14,10,2
Hull Freetown - UKA00450,2023-08-20T23:07:00Z,µg/m³,20,40,14,10,2
Hull Freetown - UKA00450,2023-08-20T23:08:00Z,µg/m³,33,39,15,11,2
Hull Freetown - UKA00450,2023-08-20T23:09:00Z,µg/m³,35,37,15,11,2
Hull Freetown - UKA00450,2023-08-20T23:10:00Z,µg/m³,31,36,15,11,2
Hull Freetown - UKA00450,2023-08-20T23:11:00Z,µg/m³,35,34,16,11,2
Hull Freetown - UKA00450,2023-08-20T23:12:00Z,µg/m³,33,33,15,11,2
Hull Freetown - UKA00450,2023-08-20T23:13:00Z,µg/m³,36,32,16,11,2
Hull Freetown - UKA00450,2023-08-20T23:14:00Z,µg/m³,37,31,16,11,2
Hull Freetown - UKA00450,2023-08-20T23:15:00Z,µg/m³,42,29,16,11,2
Hull Freetown - UKA00450,2023-08-20T23:16:00Z,µg/m³,35,29,16,11,2
Hull Freetown - UKA00450,2023-08-20T23:17:00Z,µg/m³,32,29,16,11,2
Hull Freetown - UKA00450,2023-08-20T23:18:00Z,µg/m³,25,30,16,11,2
Hull Freetown - UKA00450,2023-08-20T23:19:00Z,µg/m³,33,31,16,11,2
Hull Freetown - UKA00450,2023-08-20T23:20:00Z,µg/m³,37,31,16,11,2
Hull Freetown - UKA00450,2023-08-20T23:21:00Z,µg/m³,37,32,16,11,2
Hull Freetown - UKA00450,2023-08-20T23:22:00Z,µg/m³,21,34,17,11,2
Hull Freetown - UKA00450,2023-08-20T23:23:00Z,µg/m³,17,37,17,11,2
Hull Freetown - UKA00450,2023-09-20T23:00:00Z,µg/m³,19,40,18,11,2
Hull Freetown - UKA00450,2023-09-20T23:01:00Z,µg/m³,12,43,18,11,2
Hull Freetown - UKA00450,2023-09-20T23:02:00Z,µg/m³,13,45,18,11,2
Hull Freetown - UKA00450,2023-09-20T23:03:00Z,µg/m³,6,48,18,11,2
Hull Freetown - UKA00450,2023-09-20T23:05:00Z,µg/m³,5,54,17,11,1
Hull Freetown - UKA00450,2023-09-20T23:06:00Z,µg/m³,5,55,17,10,2
Hull Freetown - UKA00450,2023-09-20T23:07:00Z,µg/m³,6,57,16,10,2
Hull Freetown - UKA00450,2023-09-20T23:08:00Z,µg/m³,7,58,16,9,2
Hull Freetown - UKA00450,2023-09-20T23:09:00Z,µg/m³,10,59,15,9,2
Hull Freetown - UKA00450,2023-09-20T23:10:00Z,µg/m³,10,61,14,8,2
Hull Freetown - UKA00450,2023-09-20T23:11:00Z,µg/m³,14,62,14,8,3
Hull Freetown - UKA00450,2023-09-20T23:12:00Z,µg/m³,15,62,13,7,2
Hull Freetown - UKA00450,2023-09-20T23:13:00Z,µg/m³,19,62,12,7,2
Hull Freetown - UKA00450,2023-09-20T23:14:00Z,µg/m³,37,59,11,7,2
Hull Freetown - UKA00450,2023-09-20T23:15:00Z,µg/m³,26,57,11,6,2
Hull Freetown - UKA00450,2023-09-20T23:16:00Z,µg/m³,19,56,10,6,2
Hull Freetown - UKA00450,2023-09-20T23:17:00Z,µg/m³,12,56,10,6,2
Hull Freetown - UKA00450,2023-09-20T23:18:00Z,µg/m³,11,57,9,6,2
Hull Freetown - UKA00450,2023-09-20T23:19:00Z,µg/m³,14,58,9,5,2
Hull Freetown - UKA00450,2023-09-20T23:20:00Z,µg/m³,10,60,9,5,2
Hull Freetown - UKA00450,2023-09-20T23:21:00Z,µg/m³,8,62,8,5,2
Hull Freetown - UKA00450,2023-09-20T23:22:00Z,µg/m³,7,68,8,5,2
Hull Freetown - UKA00450,2023-09-20T23:23:00Z,µg/m³,6,72,7,4,2
Hull Freetown - UKA00450,2023-10-20T23:00:00Z,µg/m³,6,75,7,4,2
Hull Freetown - UKA00450,2023-10-20T23:01:00Z,µg/m³,5,76,7,4,2
Hull Freetown - UKA00450,2023-10-20T23:02:00Z,µg/m³,4,76,7,4,2
Hull Freetown - UKA00450,2023-10-20T23:03:00Z,µg/m³,4,77,7,4,2
Hull Freetown - UKA00450,2023-10-20T23:04:00Z,µg/m³,4,78,7,4,2
Hull Freetown - UKA00450,2023-10-20T23:05:00Z,µg/m³,6,78,7,4,1
Hull Freetown - UKA00450,2023-10-20T23:06:00Z,µg/m³,6,78,8,4,1
Hull Freetown - UKA00450,2023-10-20T23:07:00Z,µg/m³,9,77,8,5,1
Hull Freetown - UKA00450,2023-10-20T23:08:00Z,µg/m³,11,75,9,5,2
Hull Freetown - UKA00450,2023-10-20T23:09:00Z,µg/m³,22,72,9,5,2
Hull Freetown - UKA00450,2023-10-20T23:10:00Z,µg/m³,28,68,10,5,2
Hull Freetown - UKA00450,2023-10-20T23:11:00Z,µg/m³,36,63,11,6,3
Hull Freetown - UKA00450,2023-10-20T23:12:00Z,µg/m³,31,58,12,6,2
Hull Freetown - UKA00450,2023-10-20T23:13:00Z,µg/m³,18,55,12,6,2
Hull Freetown - UKA00450,2023-10-20T23:14:00Z,µg/m³,15,52,12,6,2
Hull Freetown - UKA00450,2023-10-20T23:15:00Z,µg/m³,13,51,13,6,2
Hull Freetown - UKA00450,2023-10-20T23:16:00Z,µg/m³,12,51,13,7,2
Hull Freetown - UKA00450,2023-10-20T23:17:00Z,µg/m³,17,51,13,7,2
Hull Freetown - UKA00450,2023-10-20T23:18:00Z,µg/m³,21,51,13,7,2
Hull Freetown - UKA00450,2023-10-20T23:19:00Z,µg/m³,24,51,13,7,2
Hull Freetown - UKA00450,2023-10-20T23:20:00Z,µg/m³,20,52,13,7,2
Hull Freetown - UKA00450,2023-10-20T23:21:00Z,µg/m³,21,51,13,7,2
Hull Freetown - UKA00450,2023-10-20T23:22:00Z,µg/m³,19,51,14,8,2
Hull Freetown - UKA00450,2023-10-20T23:23:00Z,µg/m³,11,50,15,8,2
Hull Freetown - UKA00450,2023-11-20T23:00:00Z,µg/m³,8,50,15,8,2
Hull Freetown - UKA00450,2023-11-20T23:01:00Z,µg/m³,5,53,15,8,2
Hull Freetown - UKA00450,2023-11-20T23:02:00Z,µg/m³,7,55,15,8,2
Hull Freetown - UKA00450,2023-11-20T23:03:00Z,µg/m³,5,58,15,8,2
Hull Freetown - UKA00450,2023-11-20T23:04:00Z,µg/m³,4,60,14,8,2
Hull Freetown - UKA00450,2023-11-20T23:05:00Z,µg/m³,5,62,14,8,2
Hull Freetown - UKA00450,2023-11-20T23:07:00Z,µg/m³,7,65,12,7,2
Hull Freetown - UKA00450,2023-11-20T23:08:00Z,µg/m³,20,63,12,7,1
Hull Freetown - UKA00450,2023-11-20T23:09:00Z,µg/m³,38,58,11,6,2
Hull Freetown - UKA00450,2023-11-20T23:10:00Z,µg/m³,42,53,10,6,2
Hull Freetown - UKA00450,2023-11-20T23:11:00Z,µg/m³,19,52,10,6,2
Hull Freetown - UKA00450,2023-11-20T23:12:00Z,µg/m³,11,51,9,6,2
Hull Freetown - UKA00450,2023-11-20T23:13:00Z,µg/m³,14,50,9,5,2
Hull Freetown - UKA00450,2023-11-20T23:14:00Z,µg/m³,14,47,9,5,2
Hull Freetown - UKA00450,2023-11-20T23:15:00Z,µg/m³,19,44,8,5,1
Hull Freetown - UKA00450,2023-11-20T23:16:00Z,µg/m³,43,41,8,5,2
Hull Freetown - UKA00450,2023-11-20T23:17:00Z,µg/m³,68,38,9,5,3
Hull Freetown - UKA00450,2023-11-20T23:18:00Z,µg/m³,67,36,9,5,3
Hull Freetown - UKA00450,2023-11-20T23:19:00Z,µg/m³,66,30,9,6,4
Hull Freetown - UKA00450,2023-11-20T23:20:00Z,µg/m³,66,24,9,6,5
Hull Freetown - UKA00450,2023-11-20T23:21:00Z,µg/m³,66,19,10,6,7
Hull Freetown - UKA00450,2023-11-20T23:22:00Z,µg/m³,53,13,10,7,5
Hull Freetown - UKA00450,2023-11-20T23:23:00Z,µg/m³,45,9,11,7,2
Hull Freetown - UKA00450,2023-12-20T23:00:00Z,µg/m³,46,6,11,8,2
Hull Freetown - UKA00450,2023-12-20T23:04:00Z,µg/m³,17,16,12,9,1
Hull Freetown - UKA00450,2023-12-20T23:05:00Z,µg/m³,11,21,12,9,1
Hull Freetown - UKA00450,2023-12-20T23:06:00Z,µg/m³,9,28,12,9,1
Hull Freetown - UKA00450,2023-12-20T23:07:00Z,µg/m³,24,32,13,9,1
Hull Freetown - UKA00450,2023-12-20T23:08:00Z,µg/m³,16,37,13,9,2
Hull Freetown - UKA00450,2023-12-20T23:09:00Z,µg/m³,21,41,13,9,2
Hull Freetown - UKA00450,2023-12-20T23:10:00Z,µg/m³,30,41,13,10,2
Hull Freetown - UKA00450,2023-12-20T23:11:00Z,µg/m³,40,39,14,10,2
Hull Freetown - UKA00450,2023-12-20T23:12:00Z,µg/m³,49,35,14,10,3
Hull Freetown - UKA00450,2023-12-20T23:13:00Z,µg/m³,51,31,15,11,3
Hull Freetown - UKA00450,2023-12-20T23:14:00Z,µg/m³,46,25,16,11,3
Hull Freetown - UKA00450,2023-12-20T23:15:00Z,µg/m³,53,22,16,12,3
Hull Freetown - UKA00450,2023-12-20T23:16:00Z,µg/m³,51,18,17,12,3
Hull Freetown - UKA00450,2023-12-20T23:17:00Z,µg/m³,45,15,18,13,2
Hull Freetown - UKA00450,2023-12-20T23:18:00Z,µg/m³,56,12,18,13,4
Hull Freetown - UKA00450,2023-12-20T23:19:00Z,µg/m³,54,11,19,14,3
Hull Freetown - UKA00450,2023-12-20T23:20:00Z,µg/m³,38,12,19,14,2
Hull Freetown - UKA00450,2023-12-20T23:21:00Z,µg/m³,27,14,20,14,2
Hull Freetown - UKA00450,2023-12-20T23:22:00Z,µg/m³,24,16,20,15,2
Hull Freetown - UKA00450,2023-12-20T23:23:00Z,µg/m³,18,18,19,14,2
Hull Freetown - UKA00450,NA,µg/m³,16.31636863823934,50.730575868372945,12.657678244972578,7.303930530164534,2.1720940750791495
